Best Price,Best House,Make,Model,Detail,Size(s),Part ID,National,Spec Make,Texas Plumbing Supply,Spec Make,Ferguson,Spec Make,Reece,Spec Make,Winston Water Cooler,Spec Make,Texas Wholesale,Spec Make,PlumbingSupply.com,Spec Make,Moore Supply,Spec Make,Hughes Supply,Spec Make,Bruh,Winsupply,Spec Make,Other,Column 1,HIDDEN COLUMN FOR TWP CODES
$1.21 ,Texas Wholesale,Lesso,DWV Fitting,COUPLING (H X H),"1-1/4""",PVC114COUP,,,,,,,,,,,$1.21 ,BMI,,,,,,,,,,,,COUPLING (H X H)
$0.25 ,Texas Wholesale,Lesso,DWV Fitting,COUPLING (H X H),"1-1/2""",PVC112COUP,,,$0.55 ,,,,,,,,$0.25 ,,,,,,,,,,,,,COUPLING (H X H)
$0.35 ,Texas Wholesale,Lesso,DWV Fitting,COUPLING (H X H),"2""",PVC2COUP,$0.69 ,,$0.78 ,,,,,,,,$0.35 ,,,,,,,,,,,,,COUPLING (H X H)
$1.20 ,Texas Wholesale,Lesso,DWV Fitting,COUPLING (H X H),"3""",PVC3COUP,,,$2.74 ,,,,,,,,$1.20 ,,,,,,,,,,,,,COUPLING (H X H)
$2.04 ,Texas Wholesale,Lesso,DWV Fitting,COUPLING (H X H),"4""",PVC4COUP,,,$4.65 ,,,,,,,,$2.04 ,,,,,,,,,,,,,COUPLING (H X H)
$6.44 ,Texas Wholesale,Lesso,DWV Fitting,COUPLING (H X H),"6""",PVC6COUP,,,$15.20 ,,,,,,,,$6.44 ,,,,,,,,,,,,,COUPLING (H X H)
$11.20 ,Texas Wholesale,Lesso,DWV Fitting,COUPLING (H X H),"8""",PVC8COUP,,,$25.26 ,,,,,,,,$11.20 ,,,,,,,,,,,,,COUPLING (H X H)
$26.88 ,Texas Wholesale,Lesso,DWV Fitting,COUPLING (H X H),"10""",PVC10COUP,,,$87.80 ,,,,,,,,$26.88 ,,,,,,,,,,,,,COUPLING (H X H)
$45.78 ,Texas Wholesale,Lesso,DWV Fitting,COUPLING (H X H),"12""",PVC12COUP,,,$149.55 ,,,,,,,,$45.78 ,,,,,,,,,,,,,COUPLING (H X H)
$2.68 ,Texas Wholesale,Lesso,DWV Fitting,FEMALE ADAPTER (FPT X H),"1-1/4""",PVC114FA,,,,,,,,,,,$2.68 ,,,,,,,,,,,,,FEMALE ADAPTER (FPT X H)
$0.48 ,Texas Wholesale,Lesso,DWV Fitting,FEMALE ADAPTER (FPT X H),"1-1/2""",PVC112FA,,,$1.08 ,,,,,,,,$0.48 ,,,,,,,,,,,,,FEMALE ADAPTER (FPT X H)
$0.82 ,Texas Wholesale,Lesso,DWV Fitting,FEMALE ADAPTER (FPT X H),"2""",PVC2FA,,,$1.85 ,,,,,,,,$0.82 ,,,,,,,,,,,,,FEMALE ADAPTER (FPT X H)
$2.18 ,Texas Wholesale,Lesso,DWV Fitting,FEMALE ADAPTER (FPT X H),"3""",PVC3FA,,,$4.93 ,,,,,,,,$2.18 ,,,,,,,,,,,,,FEMALE ADAPTER (FPT X H)
$2.82 ,Texas Wholesale,Lesso,DWV Fitting,FEMALE ADAPTER (FPT X H),"4""",PVC4FA,,,$6.40 ,,,,,,,,$2.82 ,,,,,,,,,,,,,FEMALE ADAPTER (FPT X H)
$9.09 ,Texas Wholesale,Lesso,DWV Fitting,FEMALE ADAPTER (FPT X H),"6""",PVC6FA,,,$20.52 ,,,,,,,,$9.09 ,,,,,,,,,,,,,FEMALE ADAPTER (FPT X H)
$20.08 ,Texas Wholesale,Lesso,DWV Fitting,FEMALE ADAPTER (FPT X H),"8""",PVC8FA,,,$44.03 ,,,,,,,,$20.08 ,,,,,,,,,,,,,FEMALE ADAPTER (FPT X H)
$1.20 ,Texas Wholesale,Lesso,DWV Fitting,PIPE INCREASER-REDUCER (H X H),"1-1/2""×1-1/4""",PVC112114BELL,,,,,,,,,,,$1.20 ,,,,,,,,,,,,,PIPE INCREASER-REDUCER (H X H)
$0.77 ,Texas Wholesale,Lesso,DWV Fitting,PIPE INCREASER-REDUCER (H X H),"2""×1-1/2""",PVC2112BELL,,,,,,,,,,,$0.77 ,,,,,,,,,,,,,PIPE INCREASER-REDUCER (H X H)
$1.74 ,Texas Plumbing Supply,Lesso,DWV Fitting,PIPE INCREASER-REDUCER (H X H),"3""×1-1/2""",PVC3112BELL,,,$1.74 ,,,,,,,,$2.26 ,,,,,,,,,,,,,PIPE INCREASER-REDUCER (H X H)
$1.75 ,Texas Wholesale,Lesso,DWV Fitting,PIPE INCREASER-REDUCER (H X H),"3""×2""",PVC32BELL,,,$6.15 ,,,,,,,,$1.75 ,,,,,,,,,,,,,PIPE INCREASER-REDUCER (H X H)
$2.86 ,Texas Wholesale,Lesso,DWV Fitting,PIPE INCREASER-REDUCER (H X H),"4""×1-1/2""",PVC4112BELL,,,$3.97 ,,,,,,,,$2.86 ,,,,,,,,,,,,,PIPE INCREASER-REDUCER (H X H)
$3.44 ,Texas Wholesale,Lesso,DWV Fitting,PIPE INCREASER-REDUCER (H X H),"4""×2""",PVC42BELL,,,$7.77 ,,,,,,,,$3.44 ,,,,,,,,,,,,,PIPE INCREASER-REDUCER (H X H)
$3.68 ,Texas Wholesale,Lesso,DWV Fitting,PIPE INCREASER-REDUCER (H X H),"4""×3""",PVC43BELL,,,$8.30 ,,,,,,,,$3.68 ,,,,,,,,,,,,,PIPE INCREASER-REDUCER (H X H)
$14.31 ,Texas Wholesale,Lesso,DWV Fitting,PIPE INCREASER-REDUCER (H X H),"6""×4""",PVC64BELL,,,$24.70 ,,,,,,,,$14.31 ,,,,,,,,,,,,,PIPE INCREASER-REDUCER (H X H)
$19.92 ,Texas Wholesale,Lesso,DWV Fitting,PIPE INCREASER-REDUCER (H X H),"8""×4""",PVC84BELL,,,$60.42 ,,,,,,,,$19.92 ,,,,,,,,,,,,,PIPE INCREASER-REDUCER (H X H)
$16.01 ,Texas Wholesale,Lesso,DWV Fitting,PIPE INCREASER-REDUCER (H X H),"8""×6""",PVC86BELL,,,$48.58 ,,,,,,,,$16.01 ,,,,,,,,,,,,,PIPE INCREASER-REDUCER (H X H)
$37.93 ,Texas Wholesale,Lesso,DWV Fitting,PIPE INCREASER-REDUCER (H X H),"10""×4""",PVC104BELL,,,,,,,,,,,$37.93 ,,,,,,,,,,,,,PIPE INCREASER-REDUCER (H X H)
$54.99 ,Texas Wholesale,Lesso,DWV Fitting,PIPE INCREASER-REDUCER (H X H),"10""×6""",PVC106BELL,,,$145.01 ,,,,,,,,$54.99 ,,,,,,,,,,,,,PIPE INCREASER-REDUCER (H X H)
$40.33 ,Texas Wholesale,Lesso,DWV Fitting,PIPE INCREASER-REDUCER (H X H),"10""×8""",PVC108BELL,,,$149.45 ,,,,,,,,$40.33 ,,,,,,,,,,,,,PIPE INCREASER-REDUCER (H X H)
$70.57 ,Texas Wholesale,Lesso,DWV Fitting,PIPE INCREASER-REDUCER (H X H),"12""×8""",PVC128BELL,,,$261.47 ,,,,,,,,$70.57 ,,,,,,,,,,,,,PIPE INCREASER-REDUCER (H X H)
$74.09 ,Texas Wholesale,Lesso,DWV Fitting,PIPE INCREASER-REDUCER (H X H),"12""×10""",PVC1210BELL,,,$274.53 ,,,,,,,,$74.09 ,,,,,,,,,,,,,PIPE INCREASER-REDUCER (H X H)
$1.11 ,Texas Wholesale,Lesso,DWV Fitting,FITTING CLEANOUT ADAPTER W/ C.O. PLUG (S X FPT),"1-1/4""",PVC114CAWP,,,,,,,,,,,$1.11 ,,,,,,,,,,,,,FITTING CLEANOUT ADAPTER W/ C.O. PLUG (S X FPT)
$1.06 ,Texas Wholesale,Lesso,DWV Fitting,FITTING CLEANOUT ADAPTER W/ C.O. PLUG (S X FPT),"1-1/2""",PVC112CAWP,,,$1.67 ,,,,,,,,$1.06 ,,,,,,,,,,,,,FITTING CLEANOUT ADAPTER W/ C.O. PLUG (S X FPT)
$1.29 ,Texas Wholesale,Lesso,DWV Fitting,FITTING CLEANOUT ADAPTER W/ C.O. PLUG (S X FPT),"2""",PVC2CAWP,,,$1.85 ,,,,,,,,$1.29 ,,,,,,,,,,,,,FITTING CLEANOUT ADAPTER W/ C.O. PLUG (S X FPT)
$3.10 ,Texas Wholesale,Lesso,DWV Fitting,FITTING CLEANOUT ADAPTER W/ C.O. PLUG (S X FPT),"3""",PVC3CAWP,,,$4.95 ,,,,,,,,$3.10 ,,,,,,,,,,,,,FITTING CLEANOUT ADAPTER W/ C.O. PLUG (S X FPT)
$4.94 ,Texas Wholesale,Lesso,DWV Fitting,FITTING CLEANOUT ADAPTER W/ C.O. PLUG (S X FPT),"4""",PVC4CAWP,,,$8.14 ,,,,,,,,$4.94 ,,,,,,,,,,,,,FITTING CLEANOUT ADAPTER W/ C.O. PLUG (S X FPT)
$14.43 ,Texas Wholesale,Lesso,DWV Fitting,FITTING CLEANOUT ADAPTER W/ C.O. PLUG (S X FPT),"6""",PVC6CAWP,,,$28.01 ,,,,,,,,$14.43 ,,,,,,,,,,,,,FITTING CLEANOUT ADAPTER W/ C.O. PLUG (S X FPT)
$0.59 ,Texas Wholesale,Lesso,DWV Fitting,CLEANOUT PLUG（MPT）,"1-1/4""",PVC114PLUG,,,,,,,,,,,$0.59 ,,,,,,,,,,,,,CLEANOUT PLUG（MPT）
$0.45 ,Texas Wholesale,Lesso,DWV Fitting,CLEANOUT PLUG（MPT）,"1-1/2""",PVC112PLUG,,,$1.02 ,,,,,,,,$0.45 ,,,,,,,,,,,,,CLEANOUT PLUG（MPT）
$0.51 ,Texas Wholesale,Lesso,DWV Fitting,CLEANOUT PLUG（MPT）,"2""",PVC2PLUG,,,$1.15 ,,,,,,,,$0.51 ,,,,,,,,,,,,,CLEANOUT PLUG（MPT）
$0.91 ,Texas Wholesale,Lesso,DWV Fitting,CLEANOUT PLUG（MPT）,"3""",PVC3PLUG,,,$2.05 ,,,,,,,,$0.91 ,,,,,,,,,,,,,CLEANOUT PLUG（MPT）
$1.34 ,Texas Wholesale,Lesso,DWV Fitting,CLEANOUT PLUG（MPT）,"4""",PVC4PLUG,,,$3.03 ,,,,,,,,$1.34 ,,,,,,,,,,,,,CLEANOUT PLUG（MPT）
$4.27 ,Texas Wholesale,Lesso,DWV Fitting,CLEANOUT PLUG（MPT）,"6""",PVC6PLUG,,,$9.63 ,,,,,,,,$4.27 ,,,,,,,,,,,,,CLEANOUT PLUG（MPT）
$19.34 ,Texas Wholesale,Lesso,DWV Fitting,CLEANOUT PLUG（MPT）,"8""",PVC8PLUG,,,$58.88 ,,,,,,,,$19.34 ,,,,,,,,,,,,,CLEANOUT PLUG（MPT）
$1.01 ,Texas Wholesale,Lesso,DWV Fitting,FLUSH BUSHING (S X H),"1-1/2""×1-1/4""",PVC112114BUSH,,,,,,,,,,,$1.01 ,,,,,,,,,,,,,FLUSH BUSHING (S X H)
$1.16 ,Texas Wholesale,Lesso,DWV Fitting,FLUSH BUSHING (S X H),"2""×1-1/4""",PVC2114BUSH,,,,,,,,,,,$1.16 ,,,,,,,,,,,,,FLUSH BUSHING (S X H)
$0.44 ,Texas Wholesale,Lesso,DWV Fitting,FLUSH BUSHING (S X H),"2""×1-1/2""",PVC2112BUSH,,,$0.99 ,,,,,,,,$0.44 ,,,,,,,,,,,,,FLUSH BUSHING (S X H)
$2.11 ,Texas Wholesale,Lesso,DWV Fitting,FLUSH BUSHING (S X H),"3""×1-1/2""",PVC3112BUSH,,,$5.76 ,,,,,,,,$2.11 ,,,,,,,,,,,,,FLUSH BUSHING (S X H)
$1.11 ,Texas Wholesale,Lesso,DWV Fitting,FLUSH BUSHING (S X H),"3""×2""",PVC32BUSH,,,$2.52 ,,,,,,,,$1.11 ,,,,,,,,,,,,,FLUSH BUSHING (S X H)
$3.67 ,Texas Wholesale,Lesso,DWV Fitting,FLUSH BUSHING (S X H),"4""×2""",PVC42BUSH,,,$8.29 ,,,,,,,,$3.67 ,,,,,,,,,,,,,FLUSH BUSHING (S X H)
$1.89 ,Texas Wholesale,Lesso,DWV Fitting,FLUSH BUSHING (S X H),"4""×3""",PVC43BUSH,,,$4.28 ,,,,,,,,$1.89 ,,,,,,,,,,,,,FLUSH BUSHING (S X H)
$8.90 ,Texas Wholesale,Lesso,DWV Fitting,FLUSH BUSHING (S X H),"6""×3""",PVC63BUSH,,,$20.44 ,,,,,,,,$8.90 ,,,,,,,,,,,,,FLUSH BUSHING (S X H)
$9.43 ,Texas Wholesale,Lesso,DWV Fitting,FLUSH BUSHING (S X H),"6""×4""",PVC64BUSH,,,$21.29 ,,,,,,,,$9.43 ,,,,,,,,,,,,,FLUSH BUSHING (S X H)
$17.02 ,Texas Wholesale,Lesso,DWV Fitting,FLUSH BUSHING (S X H),"8""×4""",PVC84BUSH,,,$43.39 ,,,,,,,,$17.02 ,,,,,,,,,,,,,FLUSH BUSHING (S X H)
$18.47 ,Texas Wholesale,Lesso,DWV Fitting,FLUSH BUSHING (S X H),"8""×6""",PVC86BUSH,,,$50.36 ,,,,,,,,$18.47 ,,,,,,,,,,,,,FLUSH BUSHING (S X H)
$33.39 ,Texas Wholesale,Lesso,DWV Fitting,FLUSH BUSHING (S X H),"10""×6""",PVC106BUSH,,,$138.10 ,,,,,,,,$33.39 ,,,,,,,,,,,,,FLUSH BUSHING (S X H)
$34.41 ,Texas Wholesale,Lesso,DWV Fitting,FLUSH BUSHING (S X H),"10""×8""",PVC108BUSH,,,$142.62 ,,,,,,,,$34.41 ,,,,,,,,,,,,,FLUSH BUSHING (S X H)
$57.35 ,Texas Wholesale,Lesso,DWV Fitting,FLUSH BUSHING (S X H),"12""×6""",PVC126BUSH,,,$235.53 ,,,,,,,,$57.35 ,,,,,,,,,,,,,FLUSH BUSHING (S X H)
$60.22 ,Texas Wholesale,Lesso,DWV Fitting,FLUSH BUSHING (S X H),"12""×8""",PVC128BUSH,,,$249.02 ,,,,,,,,$60.22 ,,,,,,,,,,,,,FLUSH BUSHING (S X H)
$1.51 ,Texas Wholesale,Lesso,DWV Fitting,MALE ADAPTER (MPT X H),"1-1/4""",PVC114MA,,,,,,,,,,,$1.51 ,,,,,,,,,,,,,MALE ADAPTER (MPT X H)
$0.48 ,Texas Wholesale,Lesso,DWV Fitting,MALE ADAPTER (MPT X H),"1-1/2""",PVC112MA,,,$1.31 ,,,,,,,,$0.48 ,,,,,,,,,,,,,MALE ADAPTER (MPT X H)
$0.65 ,Texas Wholesale,Lesso,DWV Fitting,MALE ADAPTER (MPT X H),"2""",PVC2MA,,,$1.46 ,,,,,,,,$0.65 ,,,,,,,,,,,,,MALE ADAPTER (MPT X H)
$1.81 ,Texas Wholesale,Lesso,DWV Fitting,MALE ADAPTER (MPT X H),"3""",PVC3MA,,,$4.93 ,,,,,,,,$1.81 ,,,,,,,,,,,,,MALE ADAPTER (MPT X H)
$4.09 ,Texas Wholesale,Lesso,DWV Fitting,MALE ADAPTER (MPT X H),"4""",PVC4MA,,,$11.16 ,,,,,,,,$4.09 ,,,,,,,,,,,,,MALE ADAPTER (MPT X H)
$12.31 ,Texas Wholesale,Lesso,DWV Fitting,MALE ADAPTER (MPT X H),"6""",PVC6MA,,,,,,,,,,,$12.31 ,,,,,,,,,,,,,MALE ADAPTER (MPT X H)
$0.70 ,Texas Wholesale,Lesso,DWV Fitting,MALE ADAPTER (MPT X H),"1-1/4""×1-1/2""",PVC114112MA,,,,,,,,,,,$0.70 ,,,,,,,,,,,,,MALE ADAPTER (MPT X H)
$0.90 ,Texas Plumbing Supply,Lesso,DWV Fitting,CAP (SOC),"1-1/2""",PVC112TC,,,$0.90 ,,,,,,,,$1.02 ,,,,,,,,,,,,,CAP (SOC)
$1.07 ,Texas Plumbing Supply,Lesso,DWV Fitting,CAP (SOC),"2""",PVC2TC,,,$1.07 ,,,,,,,,$1.70 ,,,,,,,,,,,,,CAP (SOC)
$2.85 ,Texas Wholesale,Lesso,DWV Fitting,CAP (SOC),"3""",PVC3YC,,,$3.73 ,,,,,,,,$2.85 ,,,,,,,,,,,,,CAP (SOC)
$4.07 ,Texas Wholesale,Lesso,DWV Fitting,CAP (SOC),"4""",PVC4TC,,,$8.50 ,,,,,,,,$4.07 ,,,,,,,,,,,,,CAP (SOC)
$10.27 ,Texas Wholesale,Lesso,DWV Fitting,CAP (SOC),"6""",PVC6TC,,,$20.38 ,,,,,,,,$10.27 ,,,,,,,,,,,,,CAP (SOC)
$27.60 ,Texas Wholesale,Lesso,DWV Fitting,CAP (SOC),"8""",PVC8TC,,,$57.32 ,,,,,,,,$27.60 ,,,,,,,,,,,,,CAP (SOC)
$34.51 ,Texas Wholesale,Lesso,DWV Fitting,CAP (SOC),"10""",PVC10TC,,,,,,,,,,,$34.51 ,,,,,,,,,,,,,CAP (SOC)
$43.65 ,Texas Wholesale,Lesso,DWV Fitting,CAP (SOC),"12""",PVC12TC,,,,,,,,,,,$43.65 ,,,,,,,,,,,,,CAP (SOC)
$1.88 ,Texas Wholesale,Lesso,DWV Fitting,1/4 BEND (H X H),"1-1/4""",PVC11290,,,,,,,,,,,$1.88 ,,,,,,,,,,,,,1/4 BEND (H X H)
$0.54 ,Texas Wholesale,Lesso,DWV Fitting,1/4 BEND (H X H),"1-1/2""",PVC11290,,,$1.21 ,,,,,,,,$0.54 ,,,,,,,,,,,,,1/4 BEND (H X H)
$0.84 ,Texas Wholesale,Lesso,DWV Fitting,1/4 BEND (H X H),"2""",PVC290,,,$1.92 ,,,,,,,,$0.84 ,,,,,,,,,,,,,1/4 BEND (H X H)
$2.48 ,Texas Wholesale,Lesso,DWV Fitting,1/4 BEND (H X H),"3""",PVC390,,,$5.64 ,,,,,,,,$2.48 ,,,,,,,,,,,,,1/4 BEND (H X H)
$4.89 ,Texas Wholesale,Lesso,DWV Fitting,1/4 BEND (H X H),"4""",PVC490,,,$11.13 ,,,,,,,,$4.89 ,,,,,,,,,,,,,1/4 BEND (H X H)
$16.52 ,Texas Wholesale,Lesso,DWV Fitting,1/4 BEND (H X H),"6""",PVC690,,,$38.98 ,,,,,,,,$16.52 ,,,,,,,,,,,,,1/4 BEND (H X H)
$22.32 ,Texas Wholesale,Lesso,DWV Fitting,1/4 BEND (H X H),"8""",PVC890,,,$50.37 ,,,,,,,,$22.32 ,,,,,,,,,,,,,1/4 BEND (H X H)
$3.05 ,Texas Wholesale,Lesso,DWV Fitting,"1/4 BEND, STREET (S X H)","1-1/4""",PVC114S90,,,,,,,,,,,$3.05 ,,,,,,,,,,,,,"1/4 BEND, STREET (S X H)"
$0.69 ,Texas Wholesale,Lesso,DWV Fitting,"1/4 BEND, STREET (S X H)","1-1/2""",PVC112S90,,,$1.57 ,,,,,,,,$0.69 ,,,,,,,,,,,,,"1/4 BEND, STREET (S X H)"
$1.06 ,Texas Wholesale,Lesso,DWV Fitting,"1/4 BEND, STREET (S X H)","2""",PVC2S90,,,$2.42 ,,,,,,,,$1.06 ,,,,,,,,,,,,,"1/4 BEND, STREET (S X H)"
$2.97 ,Texas Wholesale,Lesso,DWV Fitting,"1/4 BEND, STREET (S X H)","3""",PVC3S90,,,$6.73 ,,,,,,,,$2.97 ,,,,,,,,,,,,,"1/4 BEND, STREET (S X H)"
$4.98 ,Texas Wholesale,Lesso,DWV Fitting,"1/4 BEND, STREET (S X H)","4""",PVC4S90,,,$11.25 ,,,,,,,,$4.98 ,,,,,,,,,,,,,"1/4 BEND, STREET (S X H)"
$22.29 ,Texas Wholesale,Lesso,DWV Fitting,"1/4 BEND, STREET (S X H)","6""",PVC6S90,,,$60.76 ,,,,,,,,$22.29 ,,,,,,,,,,,,,"1/4 BEND, STREET (S X H)"
$41.74 ,Texas Wholesale,Lesso,DWV Fitting,"1/4 BEND, STREET (S X H)","8""",PVC8S90,,,,,,,,,,,$41.74 ,,,,,,,,,,,,,"1/4 BEND, STREET (S X H)"
$1.24 ,Texas Wholesale,Lesso,DWV Fitting,LONG SWEEP 1/4 BEND (H X H),"1-1/2""",PVC112LS90,,,$2.82 ,,,,,,,,$1.24 ,,,,,,,,,,,,,LONG SWEEP 1/4 BEND (H X H)
$1.38 ,Texas Wholesale,Lesso,DWV Fitting,LONG SWEEP 1/4 BEND (H X H),"2""",PVC2LS90,,,$3.14 ,,,,,,,,$1.38 ,,,,,,,,,,,,,LONG SWEEP 1/4 BEND (H X H)
$3.19 ,Texas Wholesale,Lesso,DWV Fitting,LONG SWEEP 1/4 BEND (H X H),"3""",PVC3LS90,,,$7.25 ,,,,,,,,$3.19 ,,,,,,,,,,,,,LONG SWEEP 1/4 BEND (H X H)
$6.05 ,Texas Wholesale,Lesso,DWV Fitting,LONG SWEEP 1/4 BEND (H X H),"4""",PVC4LS90,,,$13.68 ,,,,,,,,$6.05 ,,,,,,,,,,,,,LONG SWEEP 1/4 BEND (H X H)
$23.63 ,Texas Wholesale,Lesso,DWV Fitting,LONG SWEEP 1/4 BEND (H X H),"6""",PVC6LS90,,,$53.31 ,,,,,,,,$23.63 ,,,,,,,,,,,,,LONG SWEEP 1/4 BEND (H X H)
$1.92 ,Texas Wholesale,Lesso,DWV Fitting,"LONG SWEEP 1/4 BEND, STREET (H X S)","1-1/2""",PVC112LSS90,,,$4.33 ,,,,,,,,$1.92 ,,,,,,,,,,,,,"LONG SWEEP 1/4 BEND, STREET (H X S)"
$2.29 ,Texas Wholesale,Lesso,DWV Fitting,"LONG SWEEP 1/4 BEND, STREET (H X S)","2""",PVC2LSS90,,,$5.18 ,,,,,,,,$2.29 ,,,,,,,,,,,,,"LONG SWEEP 1/4 BEND, STREET (H X S)"
$5.71 ,Texas Wholesale,Lesso,DWV Fitting,"LONG SWEEP 1/4 BEND, STREET (H X S)","3""",PVC3LSS90,,,$12.88 ,,,,,,,,$5.71 ,,,,,,,,,,,,,"LONG SWEEP 1/4 BEND, STREET (H X S)"
$8.80 ,Texas Wholesale,Lesso,DWV Fitting,"LONG SWEEP 1/4 BEND, STREET (H X S)","4""",PVC4LSS90,,,$23.98 ,,,,,,,,$8.80 ,,,,,,,,,,,,,"LONG SWEEP 1/4 BEND, STREET (H X S)"
$1.28 ,Texas Wholesale,Lesso,DWV Fitting,1/8 BEND (H X H),"1-1/4""",PVC11445,,,,,,,,,,,$1.28 ,,,,,,,,,,,,,1/8 BEND (H X H)
$0.52 ,Texas Wholesale,Lesso,DWV Fitting,1/8 BEND (H X H),"1-1/2""",PVC11245,$1.04 ,,$1.19 ,,,,,,,,$0.52 ,,,,,,,,,,,,,1/8 BEND (H X H)
$0.78 ,Texas Wholesale,Lesso,DWV Fitting,1/8 BEND (H X H),"2""",PVC245,$1.56 ,,$1.78 ,,,,,,,,$0.78 ,,,,,,,,,,,,,1/8 BEND (H X H)
$2.22 ,Texas Wholesale,Lesso,DWV Fitting,1/8 BEND (H X H),"3""",PVC345,,,$5.05 ,,,,,,,,$2.22 ,,,,,,,,,,,,,1/8 BEND (H X H)
$3.89 ,Texas Wholesale,Lesso,DWV Fitting,1/8 BEND (H X H),"4""",PVC445,,,$9.25 ,,,,,,,,$3.89 ,,,,,,,,,,,,,1/8 BEND (H X H)
$15.14 ,Texas Wholesale,Lesso,DWV Fitting,1/8 BEND (H X H),"6""",PVC645,,,$34.16 ,,,,,,,,$15.14 ,,,,,,,,,,,,,1/8 BEND (H X H)
$19.82 ,Texas Wholesale,Lesso,DWV Fitting,1/8 BEND (H X H),"8""",PVC845,,,$44.73 ,,,,,,,,$19.82 ,,,,,,,,,,,,,1/8 BEND (H X H)
$1.75 ,Texas Wholesale,Lesso,DWV Fitting,"1/8 BEND, STREET (H X S)","1-1/4""",PVC114S45,,,,,,,,,,,$1.75 ,,,,,,,,,,,,,"1/8 BEND, STREET (H X S)"
$0.50 ,Texas Wholesale,Lesso,DWV Fitting,"1/8 BEND, STREET (H X S)","1-1/2""",PVC112S45,$1.00 ,,$1.14 ,,,,,,,,$0.50 ,,,,,,,,,,,,,"1/8 BEND, STREET (H X S)"
$0.80 ,Texas Wholesale,Lesso,DWV Fitting,"1/8 BEND, STREET (H X S)","2""",PVC2S45,,,$1.81 ,,,,,,,,$0.80 ,,,,,,,,,,,,,"1/8 BEND, STREET (H X S)"
$2.10 ,Texas Wholesale,Lesso,DWV Fitting,"1/8 BEND, STREET (H X S)","3""",PVC3S45,,,$4.79 ,,,,,,,,$2.10 ,,,,,,,,,,,,,"1/8 BEND, STREET (H X S)"
$3.61 ,Texas Wholesale,Lesso,DWV Fitting,"1/8 BEND, STREET (H X S)","4""",PVC4S45,,,$8.20 ,,,,,,,,$3.61 ,,,,,,,,,,,,,"1/8 BEND, STREET (H X S)"
$17.93 ,Texas Wholesale,Lesso,DWV Fitting,"1/8 BEND, STREET (H X S)","6""",PVC6S45,,,$40.46 ,,,,,,,,$17.93 ,,,,,,,,,,,,,"1/8 BEND, STREET (H X S)"
$21.52 ,Texas Wholesale,Lesso,DWV Fitting,"1/8 BEND, STREET (H X S)","8""",PVC8S45,,,$58.66 ,,,,,,,,$21.52 ,,,,,,,,,,,,,"1/8 BEND, STREET (H X S)"
$53.81 ,Texas Wholesale,Lesso,DWV Fitting,"1/8 BEND, STREET (H X S)","10""",PVC10S45,,,$199.37 ,,,,,,,,$53.81 ,,,,,,,,,,,,,"1/8 BEND, STREET (H X S)"
$0.71 ,Texas Wholesale,Lesso,DWV Fitting,1/16 BEND (H X H),"1-1/2""",PVC11222,$1.48 ,,$1.69 ,,,,,,,,$0.71 ,,,,,,,,,,,,,1/16 BEND (H X H)
$0.88 ,Texas Wholesale,Lesso,DWV Fitting,1/16 BEND (H X H),"2""",PVC222,$1.75 ,,$2.01 ,,,,,,,,$0.88 ,,,,,,,,,,,,,1/16 BEND (H X H)
$2.19 ,Texas Wholesale,Lesso,DWV Fitting,1/16 BEND (H X H),"3""",PVC322,,,$4.94 ,,,,,,,,$2.19 ,,,,,,,,,,,,,1/16 BEND (H X H)
$3.46 ,Texas Wholesale,Lesso,DWV Fitting,1/16 BEND (H X H),"4""",PVC422,,,$7.81 ,,,,,,,,$3.46 ,,,,,,,,,,,,,1/16 BEND (H X H)
$19.99 ,Texas Wholesale,Lesso,DWV Fitting,1/16 BEND (H X H),"6""",PVC622,,,$47.83 ,,,,,,,,$19.99 ,,,,,,,,,,,,,1/16 BEND (H X H)
$33.09 ,Texas Wholesale,Lesso,DWV Fitting,1/16 BEND (H X H),"8""",PVC822,,,$69.80 ,,,,,,,,$33.09 ,,,,,,,,,,,,,1/16 BEND (H X H)
$51.51 ,Texas Wholesale,Lesso,DWV Fitting,1/16 BEND (H X H),"10""",PVC1022,,,,,,,,,,,$51.51 ,,,,,,,,,,,,,1/16 BEND (H X H)
$82.42 ,Texas Wholesale,Lesso,DWV Fitting,1/16 BEND (H X H),"12""",PVC1222,,,,,,,,,,,$82.42 ,,,,,,,,,,,,,1/16 BEND (H X H)
$2.02 ,Texas Wholesale,Lesso,DWV Fitting,"1/16 BEND, STREET (H X S)","1-1/2""",PVC112S22,$4.01 ,,,,,,,,,,$2.02 ,,,,,,,,,,,,,"1/16 BEND, STREET (H X S)"
$2.16 ,Texas Wholesale,Lesso,DWV Fitting,"1/16 BEND, STREET (H X S)","2""",PVC2S22,$4.30 ,,,,,,,,,,$2.16 ,,,,,,,,,,,,,"1/16 BEND, STREET (H X S)"
$3.39 ,Texas Wholesale,Lesso,DWV Fitting,"1/16 BEND, STREET (H X S)","3""",PVC3S22,,,,,,,,,,,$3.39 ,,,,,,,,,,,,,"1/16 BEND, STREET (H X S)"
$4.92 ,Texas Wholesale,Lesso,DWV Fitting,"1/16 BEND, STREET (H X S)","4""",PVC4S22,,,,,,,,,,,$4.92 ,,,,,,,,,,,,,"1/16 BEND, STREET (H X S)"
$19.37 ,Texas Wholesale,Lesso,DWV Fitting,"1/16 BEND, STREET (H X S)","6""",PVC6S22,,,,,,,,,,,$19.37 ,,,,,,,,,,,,,"1/16 BEND, STREET (H X S)"
$3.99 ,Texas Wholesale,Lesso,DWV Fitting,"CLOSET BEND, REDUCING (H X H）","4""x3""",PVC4390,,,,,,,,,,,$3.99 ,,,,,,,,,,,,,"CLOSET BEND, REDUCING (H X H）"
$2.01 ,Texas Wholesale,Lesso,DWV Fitting,SANITARY TEE (ALL HUB),"1-1/4""",PVC114T,,,,,,,,,,,$2.01 ,,,,,,,,,,,,,SANITARY TEE (ALL HUB)
$0.93 ,Texas Wholesale,Lesso,DWV Fitting,SANITARY TEE (ALL HUB),"1-1/2""",PVC112T,,,,,,,,,,,$0.93 ,,,,,,,,,,,,,SANITARY TEE (ALL HUB)
$1.37 ,Texas Wholesale,Lesso,DWV Fitting,SANITARY TEE (ALL HUB),"2""",PVC2T,$2.73 ,,,,,,,,,,$1.37 ,,,,,,,,,,,,,SANITARY TEE (ALL HUB)
$3.62 ,Texas Wholesale,Lesso,DWV Fitting,SANITARY TEE (ALL HUB),"3""",PVC3T,,,,,,,,,,,$3.62 ,,,,,,,,,,,,,SANITARY TEE (ALL HUB)
$6.65 ,Texas Wholesale,Lesso,DWV Fitting,SANITARY TEE (ALL HUB),"4""",PVC4T,,,,,,,,,,,$6.65 ,,,,,,,,,,,,,SANITARY TEE (ALL HUB)
$26.70 ,Texas Wholesale,Lesso,DWV Fitting,SANITARY TEE (ALL HUB),"6""",PVC6T,,,,,,,,,,,$26.70 ,,,,,,,,,,,,,SANITARY TEE (ALL HUB)
$59.16 ,Texas Wholesale,Lesso,DWV Fitting,SANITARY TEE (ALL HUB),"8""",PVC8T,,,,,,,,,,,$59.16 ,,,,,,,,,,,,,SANITARY TEE (ALL HUB)
$1.71 ,Texas Wholesale,Lesso,DWV Fitting,REDUCING SANITARY TEE (ALL HUB),"1-1/2×1-1/2×1-1/4""",PVC112114T,,,,,,,,,,,$1.71 ,,,,,,,,,,,,,REDUCING SANITARY TEE (ALL HUB)
$1.21 ,Texas Wholesale,Lesso,DWV Fitting,REDUCING SANITARY TEE (ALL HUB),"2×1-1/2×1-1/2""",PVC2112112T,$2.41 ,,,,,,,,,,$1.21 ,,,,,,,,,,,,,REDUCING SANITARY TEE (ALL HUB)
$1.21 ,Texas Wholesale,Lesso,DWV Fitting,REDUCING SANITARY TEE (ALL HUB),"2×2×1-1/2""",PVC2112T,$2.42 ,,,,,,,,,,$1.21 ,,,,,,,,,,,,,REDUCING SANITARY TEE (ALL HUB)
$1.47 ,Texas Wholesale,Lesso,DWV Fitting,REDUCING SANITARY TEE (ALL HUB),"2×1-1/2×2""",PVC21122T,,,,,,,,,,,$1.47 ,,,,,,,,,,,,,REDUCING SANITARY TEE (ALL HUB)
$2.64 ,Texas Wholesale,Lesso,DWV Fitting,REDUCING SANITARY TEE (ALL HUB),"3×3×1-1/2""",PVC33112T,,,,,,,,,,,$2.64 ,,,,,,,,,,,,,REDUCING SANITARY TEE (ALL HUB)
$2.72 ,Texas Wholesale,Lesso,DWV Fitting,REDUCING SANITARY TEE (ALL HUB),"3×3×2""",PVC32T,,,,,,,,,,,$2.72 ,,,,,,,,,,,,,REDUCING SANITARY TEE (ALL HUB)
$6.97 ,Texas Wholesale,Lesso,DWV Fitting,REDUCING SANITARY TEE (ALL HUB),"4×4×1-1/2""",PVC4112T,,,,,,,,,,,$6.97 ,,,,,,,,,,,,,REDUCING SANITARY TEE (ALL HUB)
$5.72 ,Texas Wholesale,Lesso,DWV Fitting,REDUCING SANITARY TEE (ALL HUB),"4×4×2""",PVC42T,,,,,,,,,,,$5.72 ,,,,,,,,,,,,,REDUCING SANITARY TEE (ALL HUB)
$7.78 ,Texas Wholesale,Lesso,DWV Fitting,REDUCING SANITARY TEE (ALL HUB),"4×4×3""",PVC43T,,,,,,,,,,,$7.78 ,,,,,,,,,,,,,REDUCING SANITARY TEE (ALL HUB)
$28.74 ,Texas Wholesale,Lesso,DWV Fitting,REDUCING SANITARY TEE (ALL HUB),"6×6×2""",PVC62T,,,,,,,,,,,$28.74 ,,,,,,,,,,,,,REDUCING SANITARY TEE (ALL HUB)
$31.55 ,Texas Wholesale,Lesso,DWV Fitting,REDUCING SANITARY TEE (ALL HUB),"6×6×3""",PVC63T,,,,,,,,,,,$31.55 ,,,,,,,,,,,,,REDUCING SANITARY TEE (ALL HUB)
$25.82 ,Texas Wholesale,Lesso,DWV Fitting,REDUCING SANITARY TEE (ALL HUB),"6×6×4""",PVC64T,,,,,,,,,,,$25.82 ,,,,,,,,,,,,,REDUCING SANITARY TEE (ALL HUB)
$2.82 ,Texas Wholesale,Lesso,DWV Fitting,"SANITARY TEE, STREET (S X H X H)","1-1/2""",PVC112ST,,,,,,,,,,,$2.82 ,,,,,,,,,,,,,"SANITARY TEE, STREET (S X H X H)"
$2.73 ,Texas Wholesale,Lesso,DWV Fitting,"SANITARY TEE, STREET (S X H X H)","2""",PVC2ST,,,,,,,,,,,$2.73 ,,,,,,,,,,,,,"SANITARY TEE, STREET (S X H X H)"
$4.56 ,Texas Wholesale,Lesso,DWV Fitting,"SANITARY TEE, STREET (S X H X H)","3""",PVC3ST,,,,,,,,,,,$4.56 ,,,,,,,,,,,,,"SANITARY TEE, STREET (S X H X H)"
$11.50 ,Texas Wholesale,Lesso,DWV Fitting,"SANITARY TEE, STREET (S X H X H)","4""",PVC4ST,,,,,,,,,,,$11.50 ,,,,,,,,,,,,,"SANITARY TEE, STREET (S X H X H)"
$2.51 ,Texas Wholesale,Lesso,DWV Fitting,"SANITARY TEE, STREET, REDUCING (S X H X H)","2×1-1/2×1-1/2""",PVC2112112ST,,,,,,,,,,,$2.51 ,,,,,,,,,,,,,"SANITARY TEE, STREET, REDUCING (S X H X H)"
$2.15 ,Texas Wholesale,Lesso,DWV Fitting,"SANITARY TEE, STREET, REDUCING (S X H X H)","2×1-1/2×2""",PVC21122ST,,,,,,,,,,,$2.15 ,,,,,,,,,,,,,"SANITARY TEE, STREET, REDUCING (S X H X H)"
$2.41 ,Texas Wholesale,Lesso,DWV Fitting,"SANITARY TEE, STREET, REDUCING (S X H X H)","2×2×1-1/2""",PVC2112ST,,,,,,,,,,,$2.41 ,,,,,,,,,,,,,"SANITARY TEE, STREET, REDUCING (S X H X H)"
$5.24 ,Texas Wholesale,Lesso,DWV Fitting,"SANITARY TEE, STREET, REDUCING (S X H X H)","3×3×1-1/2""",PVC3112ST,,,,,,,,,,,$5.24 ,,,,,,,,,,,,,"SANITARY TEE, STREET, REDUCING (S X H X H)"
$4.50 ,Texas Wholesale,Lesso,DWV Fitting,"SANITARY TEE, STREET, REDUCING (S X H X H)","3×3×2""",PVC32ST,,,,,,,,,,,$4.50 ,,,,,,,,,,,,,"SANITARY TEE, STREET, REDUCING (S X H X H)"
$8.55 ,Texas Wholesale,Lesso,DWV Fitting,"SANITARY TEE, STREET, REDUCING (S X H X H)","4×4×2""",PVC42ST,,,,,,,,,,,$8.55 ,,,,,,,,,,,,,"SANITARY TEE, STREET, REDUCING (S X H X H)"
$7.06 ,Texas Wholesale,Lesso,DWV Fitting,SANITARY TEE W/ LEFT SIDE INLET (ALL HUB),"3×3×3×2""",PVC32SOTL,,,,,,,,,,,$7.06 ,,,,,,,,,,,,,SANITARY TEE W/ LEFT SIDE INLET (ALL HUB)
$7.06 ,Texas Wholesale,Lesso,DWV Fitting,SANITARY TEE W/ RIGHT SIDE INLET (ALL HUB),"3×3×3×2""",PVC32SOTR,,,,,,,,,,,$7.06 ,,,,,,,,,,,,,SANITARY TEE W/ RIGHT SIDE INLET (ALL HUB)
$2.07 ,Texas Wholesale,Lesso,DWV Fitting,DOUBLE SANITARY TEE (ALL HUB),"1-1/2""",PVC112DT,,,,,,,,,,,$2.07 ,,,,,,,,,,,,,DOUBLE SANITARY TEE (ALL HUB)
$2.80 ,Texas Wholesale,Lesso,DWV Fitting,DOUBLE SANITARY TEE (ALL HUB),"2""",PVC2DT,,,,,,,,,,,$2.80 ,,,,,,,,,,,,,DOUBLE SANITARY TEE (ALL HUB)
$7.82 ,Texas Wholesale,Lesso,DWV Fitting,DOUBLE SANITARY TEE (ALL HUB),"3""",PVC3DT,,,,,,,,,,,$7.82 ,,,,,,,,,,,,,DOUBLE SANITARY TEE (ALL HUB)
$12.58 ,Texas Wholesale,Lesso,DWV Fitting,DOUBLE SANITARY TEE (ALL HUB),"4""",PVC4DT,,,,,,,,,,,$12.58 ,,,,,,,,,,,,,DOUBLE SANITARY TEE (ALL HUB)
$57.67 ,Texas Wholesale,Lesso,DWV Fitting,DOUBLE SANITARY TEE (ALL HUB),"6""",PVC6DT,,,,,,,,,,,$57.67 ,,,,,,,,,,,,,DOUBLE SANITARY TEE (ALL HUB)
$2.20 ,Texas Wholesale,Lesso,DWV Fitting,"DOUBLE SANITARY TEE, REDUCING (ALL HUB）","2×2×1-1/2×1-1/2""",PVC2112DT,,,,,,,,,,,$2.20 ,,,,,,,,,,,,,"DOUBLE SANITARY TEE, REDUCING (ALL HUB）"
$4.38 ,Texas Wholesale,Lesso,DWV Fitting,"DOUBLE SANITARY TEE, REDUCING (ALL HUB）","3×3×2×1-1/2""",PVC32112DT,,,,,,,,,,,$4.38 ,,,,,,,,,,,,,"DOUBLE SANITARY TEE, REDUCING (ALL HUB）"
$5.08 ,Texas Wholesale,Lesso,DWV Fitting,"DOUBLE SANITARY TEE, REDUCING (ALL HUB）","3×3×1-1/2×1-1/2""",PVC3112DT,,,,,,,,,,,$5.08 ,,,,,,,,,,,,,"DOUBLE SANITARY TEE, REDUCING (ALL HUB）"
$5.52 ,Texas Wholesale,Lesso,DWV Fitting,"DOUBLE SANITARY TEE, REDUCING (ALL HUB）","3×3×2×2""",PVC32DT,,,,,,,,,,,$5.52 ,,,,,,,,,,,,,"DOUBLE SANITARY TEE, REDUCING (ALL HUB）"
$16.78 ,Texas Wholesale,Lesso,DWV Fitting,"DOUBLE SANITARY TEE, REDUCING (ALL HUB）","4×4×1-1/2×1-1/2""",PVC4112DT,,,,,,,,,,,$16.78 ,,,,,,,,,,,,,"DOUBLE SANITARY TEE, REDUCING (ALL HUB）"
$10.40 ,Texas Wholesale,Lesso,DWV Fitting,"DOUBLE SANITARY TEE, REDUCING (ALL HUB）","4×4×2×2""",PVC42DT,,,,,,,,,,,$10.40 ,,,,,,,,,,,,,"DOUBLE SANITARY TEE, REDUCING (ALL HUB）"
$10.80 ,Texas Wholesale,Lesso,DWV Fitting,"DOUBLE SANITARY TEE, REDUCING (ALL HUB）","4×4×3×3""",PVC43DT,,,,,,,,,,,$10.80 ,,,,,,,,,,,,,"DOUBLE SANITARY TEE, REDUCING (ALL HUB）"
$41.63 ,Texas Wholesale,Lesso,DWV Fitting,"DOUBLE SANITARY TEE, REDUCING (ALL HUB）","6×6×2×2""",PVC62DT,,,,,,,,,,,$41.63 ,,,,,,,,,,,,,"DOUBLE SANITARY TEE, REDUCING (ALL HUB）"
$43.61 ,Texas Wholesale,Lesso,DWV Fitting,"DOUBLE SANITARY TEE, REDUCING (ALL HUB）","6×6×3×3""",PVC63DT,,,,,,,,,,,$43.61 ,,,,,,,,,,,,,"DOUBLE SANITARY TEE, REDUCING (ALL HUB）"
$45.28 ,Texas Wholesale,Lesso,DWV Fitting,"DOUBLE SANITARY TEE, REDUCING (ALL HUB）","6×6×4×4""",PVC64DT,,,,,,,,,,,$45.28 ,,,,,,,,,,,,,"DOUBLE SANITARY TEE, REDUCING (ALL HUB）"
$2.36 ,Texas Wholesale,Lesso,DWV Fitting,CLEANOUT TEE W/ C.O. PLUG (H X H),"1-1/2""",PVC112COTWP,,,,,,,,,,,$2.36 ,,,,,,,,,,,,,CLEANOUT TEE W/ C.O. PLUG (H X H)
$2.73 ,Texas Wholesale,Lesso,DWV Fitting,CLEANOUT TEE W/ C.O. PLUG (H X H),"2""",PVC2COTWP,,,,,,,,,,,$2.73 ,,,,,,,,,,,,,CLEANOUT TEE W/ C.O. PLUG (H X H)
$5.23 ,Texas Wholesale,Lesso,DWV Fitting,CLEANOUT TEE W/ C.O. PLUG (H X H),"3""",PVC3COTWP,,,,,,,,,,,$5.23 ,,,,,,,,,,,,,CLEANOUT TEE W/ C.O. PLUG (H X H)
$9.04 ,Texas Wholesale,Lesso,DWV Fitting,CLEANOUT TEE W/ C.O. PLUG (H X H),"4""",PVC4COTWP,,,,,,,,,,,$9.04 ,,,,,,,,,,,,,CLEANOUT TEE W/ C.O. PLUG (H X H)
$43.40 ,Texas Wholesale,Lesso,DWV Fitting,CLEANOUT TEE W/ C.O. PLUG (H X H),"6""",PVC6COTWP,,,,,,,,,,,$43.40 ,,,,,,,,,,,,,CLEANOUT TEE W/ C.O. PLUG (H X H)
$86.08 ,Texas Wholesale,Lesso,DWV Fitting,CLEANOUT TEE W/ C.O. PLUG (H X H),"8""",PVC8COTWP,,,,,,,,,,,$86.08 ,,,,,,,,,,,,,CLEANOUT TEE W/ C.O. PLUG (H X H)
$8.38 ,Texas Wholesale,Lesso,DWV Fitting,2-WAY CLEANOUT (ALL HUB),"3""",PVC32WCO,,,,,,,,,,,$8.38 ,,,,,,,,,,,,,2-WAY CLEANOUT (ALL HUB)
$10.85 ,Texas Wholesale,Lesso,DWV Fitting,2-WAY CLEANOUT (ALL HUB),"4""",PVC42WCO,,,,,,,,,,,$10.85 ,,,,,,,,,,,,,2-WAY CLEANOUT (ALL HUB)
$4.76 ,Texas Wholesale,Lesso,DWV Fitting,DOUBLE FIXTURE FITTING (ALL HUB),"2×2×2×2""",PVC2DF,,,,,,,,,,,$4.76 ,,,,,,,,,,,,,DOUBLE FIXTURE FITTING (ALL HUB)
$10.28 ,Texas Wholesale,Lesso,DWV Fitting,DOUBLE FIXTURE FITTING (ALL HUB),"3×3×3×3""",PVC3DF,,,,,,,,,,,$10.28 ,,,,,,,,,,,,,DOUBLE FIXTURE FITTING (ALL HUB)
$5.86 ,Texas Wholesale,Lesso,DWV Fitting,DOUBLE FIXTURE FITTING (ALL HUB),"2×1-1/2×1-1/2×1-1/2""",PVC2112112DF,,,,,,,,,,,$5.86 ,,,,,,,,,,,,,DOUBLE FIXTURE FITTING (ALL HUB)
$5.47 ,Texas Wholesale,Lesso,DWV Fitting,DOUBLE FIXTURE FITTING (ALL HUB),"2×2×1-1/2×1-1/2""",PVC22112DF,$10.82 ,,,,,,,,,,$5.47 ,,,,,,,,,,,,,DOUBLE FIXTURE FITTING (ALL HUB)
$3.80 ,Texas Wholesale,Lesso,DWV Fitting,DOUBLE FIXTURE FITTING (ALL HUB),"2×1-1/2×2×2""",PVC21122DF,,,,,,,,,,,$3.80 ,,,,,,,,,,,,,DOUBLE FIXTURE FITTING (ALL HUB)
$11.41 ,Texas Wholesale,Lesso,DWV Fitting,DOUBLE FIXTURE FITTING (ALL HUB),"3×2×3×3""",PVC323DF,,,,,,,,,,,$11.41 ,,,,,,,,,,,,,DOUBLE FIXTURE FITTING (ALL HUB)
$2.28 ,Texas Wholesale,Lesso,DWV Fitting,COMBINATION WYE AND 1/8 BEND (ONE PIECE) (All HUB),"1-1/2""",PVC112COMBO,,,,,,,,,,,$2.28 ,,,,,,,,,,,,,COMBINATION WYE AND 1/8 BEND (ONE PIECE) (All HUB)
$2.83 ,Texas Wholesale,Lesso,DWV Fitting,COMBINATION WYE AND 1/8 BEND (ONE PIECE) (All HUB),"2""",PVC2COMBO,,,,,,,,,,,$2.83 ,,,,,,,,,,,,,COMBINATION WYE AND 1/8 BEND (ONE PIECE) (All HUB)
$6.23 ,Texas Wholesale,Lesso,DWV Fitting,COMBINATION WYE AND 1/8 BEND (ONE PIECE) (All HUB),"3""",PVC3COMBO,,,,,,,,,,,$6.23 ,,,,,,,,,,,,,COMBINATION WYE AND 1/8 BEND (ONE PIECE) (All HUB)
$12.34 ,Texas Wholesale,Lesso,DWV Fitting,COMBINATION WYE AND 1/8 BEND (ONE PIECE) (All HUB),"4""",PVC4COMBO,,,,,,,,,,,$12.34 ,,,,,,,,,,,,,COMBINATION WYE AND 1/8 BEND (ONE PIECE) (All HUB)
$4.37 ,Texas Wholesale,Lesso,DWV Fitting,"COMBINATION WYE AND 1/8 BEND, REDUCING (ONE PIECE) (All HUB)","2×1-1/2×1-1/2""",PVC2112112COMBO,,,,,,,,,,,$4.37 ,,,,,,,,,,,,,"COMBINATION WYE AND 1/8 BEND, REDUCING (ONE PIECE) (All HUB)"
$3.20 ,Texas Wholesale,Lesso,DWV Fitting,"COMBINATION WYE AND 1/8 BEND, REDUCING (ONE PIECE) (All HUB)","2×2×1-1/2""",PVC2112COMBO,,,,,,,,,,,$3.20 ,,,,,,,,,,,,,"COMBINATION WYE AND 1/8 BEND, REDUCING (ONE PIECE) (All HUB)"
$3.05 ,Texas Wholesale,Lesso,DWV Fitting,"COMBINATION WYE AND 1/8 BEND, REDUCING (ONE PIECE) (All HUB)","2×1-1/2×2""",PVC21122COMBO,,,,,,,,,,,$3.05 ,,,,,,,,,,,,,"COMBINATION WYE AND 1/8 BEND, REDUCING (ONE PIECE) (All HUB)"
$5.71 ,Texas Wholesale,Lesso,DWV Fitting,"COMBINATION WYE AND 1/8 BEND, REDUCING (ONE PIECE) (All HUB)","3×3×1-1/2""",PVC3112COMBO,,,,,,,,,,,$5.71 ,,,,,,,,,,,,,"COMBINATION WYE AND 1/8 BEND, REDUCING (ONE PIECE) (All HUB)"
$4.25 ,Texas Wholesale,Lesso,DWV Fitting,"COMBINATION WYE AND 1/8 BEND, REDUCING (ONE PIECE) (All HUB)","3×3×2""",PVC32COMBO,,,,,,,,,,,$4.25 ,,,,,,,,,,,,,"COMBINATION WYE AND 1/8 BEND, REDUCING (ONE PIECE) (All HUB)"
$6.45 ,Texas Wholesale,Lesso,DWV Fitting,"COMBINATION WYE AND 1/8 BEND, REDUCING (ONE PIECE) (All HUB)","4×4×2""",PVC42COMBO,,,,,,,,,,,$6.45 ,,,,,,,,,,,,,"COMBINATION WYE AND 1/8 BEND, REDUCING (ONE PIECE) (All HUB)"
$8.31 ,Texas Wholesale,Lesso,DWV Fitting,"COMBINATION WYE AND 1/8 BEND, REDUCING (ONE PIECE) (All HUB)","4×4×3""",PVC43COMBO,,,,,,,,,,,$8.31 ,,,,,,,,,,,,,"COMBINATION WYE AND 1/8 BEND, REDUCING (ONE PIECE) (All HUB)"
$2.57 ,Texas Wholesale,Lesso,DWV Fitting,WYE (ALL HUB),"1-1/4""",PVC114WYE,,,,,,,,,,,$2.57 ,,,,,,,,,,,,,WYE (ALL HUB)
$1.71 ,Texas Wholesale,Lesso,DWV Fitting,WYE (ALL HUB),"1-1/2""",PVC112WYE,,,,,,,,,,,$1.71 ,,,,,,,,,,,,,WYE (ALL HUB)
$1.68 ,Texas Wholesale,Lesso,DWV Fitting,WYE (ALL HUB),"2""",PVC2WYE,,,,,,,,,,,$1.68 ,,,,,,,,,,,,,WYE (ALL HUB)
$4.52 ,Texas Wholesale,Lesso,DWV Fitting,WYE (ALL HUB),"3""",PVC3WYE,,,,,,,,,,,$4.52 ,,,,,,,,,,,,,WYE (ALL HUB)
$8.22 ,Texas Wholesale,Lesso,DWV Fitting,WYE (ALL HUB),"4""",PVC4WYE,,,,,,,,,,,$8.22 ,,,,,,,,,,,,,WYE (ALL HUB)
$23.88 ,Texas Wholesale,Lesso,DWV Fitting,WYE (ALL HUB),"6""",PVC6WYE,,,,,,,,,,,$23.88 ,,,,,,,,,,,,,WYE (ALL HUB)
$42.10 ,Texas Wholesale,Lesso,DWV Fitting,WYE (ALL HUB),"8""",PVC8WYE,,,,,,,,,,,$42.10 ,,,,,,,,,,,,,WYE (ALL HUB)
$2.36 ,Texas Wholesale,Lesso,DWV Fitting,REDUCING WYE ALL HUB）,"2×1-1/2×1-1/2""",PVC2112112WYE,,,,,,,,,,,$2.36 ,,,,,,,,,,,,,REDUCING WYE ALL HUB）
$2.06 ,Texas Wholesale,Lesso,DWV Fitting,REDUCING WYE ALL HUB）,"2×2×1-1/2""",PVC2112WYE,,,,,,,,,,,$2.06 ,,,,,,,,,,,,,REDUCING WYE ALL HUB）
$3.65 ,Texas Wholesale,Lesso,DWV Fitting,REDUCING WYE ALL HUB）,"2×1-1/2×2""",PVC21122WYE,,,,,,,,,,,$3.65 ,,,,,,,,,,,,,REDUCING WYE ALL HUB）
$3.05 ,Texas Wholesale,Lesso,DWV Fitting,REDUCING WYE ALL HUB）,"3×3×1-1/2""",PVC3112WYE,,,,,,,,,,,$3.05 ,,,,,,,,,,,,,REDUCING WYE ALL HUB）
$3.34 ,Texas Wholesale,Lesso,DWV Fitting,REDUCING WYE ALL HUB）,"3×3×2""",PVC32WYE,,,,,,,,,,,$3.34 ,,,,,,,,,,,,,REDUCING WYE ALL HUB）
$10.55 ,Texas Wholesale,Lesso,DWV Fitting,REDUCING WYE ALL HUB）,"4×4×1-1/2""",PVC4112WYE,,,,,,,,,,,$10.55 ,,,,,,,,,,,,,REDUCING WYE ALL HUB）
$4.95 ,Texas Wholesale,Lesso,DWV Fitting,REDUCING WYE ALL HUB）,"4×4×2""",PVC42WYE,,,,,,,,,,,$4.95 ,,,,,,,,,,,,,REDUCING WYE ALL HUB）
$6.68 ,Texas Wholesale,Lesso,DWV Fitting,REDUCING WYE ALL HUB）,"4×4×3""",PVC43WYE,,,,,,,,,,,$6.68 ,,,,,,,,,,,,,REDUCING WYE ALL HUB）
$25.06 ,Texas Wholesale,Lesso,DWV Fitting,REDUCING WYE ALL HUB）,"6×6×2""",PVC62WYE,,,,,,,,,,,$25.06 ,,,,,,,,,,,,,REDUCING WYE ALL HUB）
$23.20 ,Texas Wholesale,Lesso,DWV Fitting,REDUCING WYE ALL HUB）,"6×6×3""",PVC63WYE,,,,,,,,,,,$23.20 ,,,,,,,,,,,,,REDUCING WYE ALL HUB）
$19.21 ,Texas Wholesale,Lesso,DWV Fitting,REDUCING WYE ALL HUB）,"6×6×4""",PVC64WYE,,,,,,,,,,,$19.21 ,,,,,,,,,,,,,REDUCING WYE ALL HUB）
$40.51 ,Texas Wholesale,Lesso,DWV Fitting,REDUCING WYE ALL HUB）,"8×8×4""",PVC84WYE,,,,,,,,,,,$40.51 ,,,,,,,,,,,,,REDUCING WYE ALL HUB）
$41.77 ,Texas Wholesale,Lesso,DWV Fitting,REDUCING WYE ALL HUB）,"8×8×6""",PVC86WYE,,,,,,,,,,,$41.77 ,,,,,,,,,,,,,REDUCING WYE ALL HUB）
$52.90 ,Texas Wholesale,Lesso,DWV Fitting,REDUCING WYE ALL HUB）,"10×10×4""",PVC104WYE,,,,,,,,,,,$52.90 ,,,,,,,,,,,,,REDUCING WYE ALL HUB）
$1.14 ,Texas Wholesale,Lesso,DWV Fitting,"P-TRAP, LOW PROFILE (H X H)","1-1/2""",PVC112PT,,,,,,,,,,,$1.14 ,,,,,,,,,,,,,"P-TRAP, LOW PROFILE (H X H)"
$2.87 ,Texas Wholesale,Lesso,DWV Fitting,"P-TRAP, LOW PROFILE (H X H)","2""",PVC2PT,,,,,,,,,,,$2.87 ,,,,,,,,,,,,,"P-TRAP, LOW PROFILE (H X H)"
$8.22 ,Texas Wholesale,Lesso,DWV Fitting,"P-TRAP, LOW PROFILE (H X H)","3""",PVC3PT,,,,,,,,,,,$8.22 ,,,,,,,,,,,,,"P-TRAP, LOW PROFILE (H X H)"
$18.75 ,Texas Wholesale,Lesso,DWV Fitting,"P-TRAP, LOW PROFILE (H X H)","4""",PVC4PT,,,,,,,,,,,$18.75 ,,,,,,,,,,,,,"P-TRAP, LOW PROFILE (H X H)"
$57.82 ,Texas Wholesale,Lesso,DWV Fitting,"P-TRAP, LOW PROFILE (H X H)","6""",PVC6PT,,,,,,,,,,,$57.82 ,,,,,,,,,,,,,"P-TRAP, LOW PROFILE (H X H)"
$0.46 ,Texas Wholesale,Everflow,PEX Poly Fitting,"POLY-ALLOY PEX CPLG CSA ""BULK""","1/2""",XP12COUP,,,,,,,,,,,$0.46 ,,,,,,,,,,,,,"1/2"" POLY-ALLOY PEX CPLG CSA ""BULK"""
$0.76 ,Texas Wholesale,Everflow,PEX Poly Fitting,"POLY-ALLOY PEX CPLG CSA ""BULK""","3/4'""",XP34COUP,,,,,,,,,,,$0.76 ,,,,,,,,,,,,,"3/4"" POLY-ALLOY PEX CPLG CSA ""BULK"""
$1.45 ,Texas Wholesale,Everflow,PEX Poly Fitting,POLY-ALLOY PEX CPLG CSA,"1""",XP1COUP,,,,,,,,,,,$1.45 ,,,,,,,,,,,,,"1"" POLY-ALLOY PEX CPLG CSA"
$0.61 ,Texas Wholesale,Everflow,PEX Poly Fitting,POLY-ALLOY PEX CPLG CSA,"3/4""x1/2""",XP3412COUP,,,,,,,,,,,$0.61 ,,,,,,,,,,,,,"3/4""x1/2"" POLY-ALLOY PEX CPLG CSA"
$1.31 ,Texas Wholesale,Everflow,PEX Poly Fitting,POLY-ALLOY PEX CPLG CSA,"1""x3/4""",XP134COUP,,,,,,,,,,,$1.31 ,,,,,,,,,,,,,"1""x3/4"" POLY-ALLOY PEX CPLG CSA"
$0.66 ,Texas Wholesale,Everflow,PEX Poly Fitting,"POLY-ALLOY PEX 90 ELBOW CSA ""BULK""","1/2""",XP1290,,,,,,,,,,,$0.66 ,,,,,,,,,,,,,"1/2"" POLY-ALLOY PEX 90 ELBOW CSA ""BULK"""
$1.31 ,Texas Wholesale,Everflow,PEX Poly Fitting,"POLY-ALLOY PEX 90 ELBOW CSA ""BULK""","3/4""",XP3490,,,,,,,,,,,$1.31 ,,,,,,,,,,,,,"3/4"" POLY-ALLOY PEX 90 ELBOW CSA ""BULK"""
$2.90 ,Texas Wholesale,Everflow,PEX Poly Fitting,POLY-ALLOY PEX 90 ELBOW CSA,"1""",XP190,,,,,,,,,,,$2.90 ,,,,,,,,,,,,,"1"" POLY-ALLOY PEX 90 ELBOW CSA"
$1.13 ,Texas Wholesale,Everflow,PEX Poly Fitting,POLY-ALLOY PEX X MIPS 90 ELBOW CSA,"1/2""",XP12MA90,,,,,,,,,,,$1.13 ,,,,,,,,,,,,,"1/2"" POLY-ALLOY PEX X MIPS 90 ELBOW CSA"
$2.07 ,Texas Wholesale,Everflow,PEX Poly Fitting,POLY-ALLOY PEX X MIPS 90 ELBOW CSA,"3/4""",XP34MA90,,,,,,,,,,,$2.07 ,,,,,,,,,,,,,"3/4"" POLY-ALLOY PEX X MIPS 90 ELBOW CSA"
$0.89 ,Texas Wholesale,Everflow,PEX Poly Fitting,"POLY-ALLOY PEX TEE CSA ""BULK""","1/2""",XP12T,,,,,,,,,,,$0.89 ,,,,,,,,,,,,,"1/2"" POLY-ALLOY PEX TEE CSA ""BULK"""
$1.83 ,Texas Wholesale,Everflow,PEX Poly Fitting,"POLY-ALLOY PEX TEE CSA ""BULK""","3/4""",XP34T,,,,,,,,,,,$1.83 ,,,,,,,,,,,,,"3/4"" POLY-ALLOY PEX TEE CSA ""BULK"""
$3.74 ,Texas Wholesale,Everflow,PEX Poly Fitting,POLY-ALLOY PEX TEE CSA,"1""",XP1T,,,,,,,,,,,$3.74 ,,,,,,,,,,,,,"1"" POLY-ALLOY PEX TEE CSA"
$1.48 ,Texas Wholesale,Everflow,PEX Poly Fitting,"POLY-ALLOY PEX TEE CSA""BULK""","3/4""x3/4""x1/2""",XP3412T,,,,,,,,,,,$1.48 ,,,,,,,,,,,,,"3/4x3/4x1/2 POLY-ALLOY PEX TEE CSA""BULK"""
$1.48 ,Texas Wholesale,Everflow,PEX Poly Fitting,"POLY-ALLOY PEX TEE CSA""BULK""","3/4""x1/2""x3/4""",XP341234T,,,,,,,,,,,$1.48 ,,,,,,,,,,,,,"3/4x1/2x3/4 POLY-ALLOY PEX TEE CSA""BULK"""
$1.19 ,Texas Wholesale,Everflow,PEX Poly Fitting,"POLY-ALLOY PEX TEE CSA""BULK""","3/4""x1/2""1/2""",XP341212T,,,,,,,,,,,$1.19 ,,,,,,,,,,,,,"3/4x1/2x1/2 POLY-ALLOY PEX TEE CSA""BULK"""
$1.19 ,Texas Wholesale,Everflow,PEX Poly Fitting,POLY-ALLOY PEX TEE CSA,"1/2""x1/2""x3/4""",XP1234T,,,,,,,,,,,$1.19 ,,,,,,,,,,,,,"1/2""x1/2""x3/4"" POLY-ALLOY PEX TEE CSA"
$2.90 ,Texas Wholesale,Everflow,PEX Poly Fitting,POLY-ALLOY PEX TEE CSA,"1""x1""x3/4""",XP134T,,,,,,,,,,,$2.90 ,,,,,,,,,,,,,"1""x1""x3/4"" POLY-ALLOY PEX TEE CSA"
$2.77 ,Texas Wholesale,Everflow,PEX Poly Fitting,POLY-ALLOY PEX TEE CSA,"1""x1""x1/2""",XP112T,,,,,,,,,,,$2.77 ,,,,,,,,,,,,,"1""x1""x1/2"" POLY-ALLOY PEX TEE CSA"
$3.95 ,Texas Wholesale,Everflow,PEX Poly Fitting,POLY-ALLOY PEX TEE CSA,"1""x3/4""x1""",XP1341T,,,,,,,,,,,$3.95 ,,,,,,,,,,,,,"1""x3/4""x1"" POLY-ALLOY PEX TEE CSA"
$3.04 ,Texas Wholesale,Everflow,PEX Poly Fitting,POLY-ALLOY PEX TEE CSA,"1""x3/4""x3/4""",XP13434T,,,,,,,,,,,$3.04 ,,,,,,,,,,,,,"1""x3/4""x3/4"" POLY-ALLOY PEX TEE CSA"
$0.41 ,Texas Wholesale,Everflow,PEX Poly Fitting,"POLY-ALLOY PEX PLUG CSA ""BULK""","1/2""",XP12PLUG,,,,,,,,,,,$0.41 ,,,,,,,,,,,,,"1/2"" POLY-ALLOY PEX PLUG CSA ""BULK"""
$0.67 ,Texas Wholesale,Everflow,PEX Poly Fitting,"POLY-ALLOY PEX PLUG CSA ""BULK""","3/4""",XP34PLUG,,,,,,,,,,,$0.67 ,,,,,,,,,,,,,"3/4"" POLY-ALLOY PEX PLUG CSA ""BULK"""
$1.06 ,Texas Wholesale,Everflow,PEX Poly Fitting,POLY-ALLOY PEX PLUG CSA,"1""",XP1PLUG,,,,,,,,,,,$1.06 ,,,,,,,,,,,,,"1"" POLY-ALLOY PEX PLUG CSA"
$1.13 ,Texas Wholesale,Everflow,PEX Poly Fitting,POLY-ALLOY PEXxMIPS ADAPTER CSA,"1/2""",XP12MA,,,,,,,,,,,$1.13 ,,,,,,,,,,,,,"1/2"" POLY-ALLOY PEXxMIPS ADAPTER CSA"
$1.45 ,Texas Wholesale,Everflow,PEX Poly Fitting,POLY-ALLOY PEXxMIPS ADAPTER CSA,"3/4""",XP34MA,,,,,,,,,,,$1.45 ,,,,,,,,,,,,,"3/4"" POLY-ALLOY PEXxMIPS ADAPTER CSA"
$2.79 ,Texas Wholesale,Everflow,PEX Poly Fitting,POLY-ALLOY PEXxMIPS ADAPTER CSA,"1""",XP1MA,,,,,,,,,,,$2.79 ,,,,,,,,,,,,,"1"" POLY-ALLOY PEXxMIPS ADAPTER CSA"
$1.31 ,Texas Wholesale,Everflow,PEX Poly Fitting,POLY-ALLOY PEXxMIPS ADAPT.CSA,"1/2""x3/4""",XP1234MA,,,,,,,,,,,$1.31 ,,,,,,,,,,,,,"1/2""x3/4"" POLY-ALLOY PEXxMIPS ADAPT.CSA"
$1.31 ,Texas Wholesale,Everflow,PEX Poly Fitting,POLY-ALLOY PEXxMIPS ADAPT.CSA,"3/4""x1/2""",XP3412MA,,,,,,,,,,,$1.31 ,,,,,,,,,,,,,"3/4""x1/2"" POLY-ALLOY PEXxMIPS ADAPT.CSA"
$3.43 ,Texas Wholesale,Everflow,PEX Poly Pipe,10' STRAIGHT RED,"1/2""",X1210STICKR,,,,,,,,,,,$3.43 ,,,,,,,,,,,,,"10' STRAIGHT x 1/2"" RED"
$7.36 ,Texas Wholesale,Everflow,PEX Poly Pipe,20' STRAIGHT RED,"1/2""",X1220STICKR,,,,,,,,,,,$7.36 ,,,,,,,,,,,,,"20' STRAIGHT x 1/2"" RED"
$34.26 ,Texas Wholesale,Everflow,PEX Poly Pipe,100' COIL RED,"1/2""",X12100R,,,,,,,,,,,$34.26 ,,,,,,,,,,,,,"100' COIL x 1/2"" RED"
$102.79 ,Texas Wholesale,Everflow,PEX Poly Pipe,300' COIL RED,"1/2""",X12300R,,,,,,,,,,,$102.79 ,,,,,,,,,,,,,"300' COIL x 1/2"" RED"
$171.33 ,Texas Wholesale,Everflow,PEX Poly Pipe,500' COIL RED,"1/2""",X12500R,,,,,,,,,,,$171.33 ,,,,,,,,,,,,,"500' COIL x 1/2"" RED"
$6.43 ,Texas Wholesale,Everflow,PEX Poly Pipe,10' STRAIGHT RED,"3/4""",X3410STICKR,,,,,,,,,,,$6.43 ,,,,,,,,,,,,,"10' STRAIGHT x 3/4"" RED"
$13.78 ,Texas Wholesale,Everflow,PEX Poly Pipe,20' STRAIGHT RED,"3/4""",X3420STICKR,,,,,,,,,,,$13.78 ,,,,,,,,,,,,,"20' STRAIGHT x 3/4"" RED"
$64.25 ,Texas Wholesale,Everflow,PEX Poly Pipe,100' COIL RED,"3/4""",X34100R,,,,,,,,,,,$64.25 ,,,,,,,,,,,,,"100' COIL x 3/4"" RED"
$192.74 ,Texas Wholesale,Everflow,PEX Poly Pipe,300' COIL RED,"3/4""",X34300R,,,,,,,,,,,$192.74 ,,,,,,,,,,,,,"300' COIL x 3/4"" RED"
$321.23 ,Texas Wholesale,Everflow,PEX Poly Pipe,500' COIL RED,"3/4""",X34500R,,,,,,,,,,,$321.23 ,,,,,,,,,,,,,"500' COIL x 3/4"" RED"
$22.06 ,Texas Wholesale,Everflow,PEX Poly Pipe,20' STRAIGHT RED,"1""",X120STICKR,,,,,,,,,,,$22.06 ,,,,,,,,,,,,,"20' STRAIGHT x 1"" RED"
$102.79 ,Texas Wholesale,Everflow,PEX Poly Pipe,100' COIL RED,"1""",X1100R,,,,,,,,,,,$102.79 ,,,,,,,,,,,,,"100' COIL x 1"" RED"
$308.38 ,Texas Wholesale,Everflow,PEX Poly Pipe,300' COIL RED,"1""",X1300R,,,,,,,,,,,$308.38 ,,,,,,,,,,,,,"300' COIL x 1"" RED"
$3.43 ,Texas Wholesale,Everflow,PEX Poly Pipe,10' STRAIGHT BLUE,"1/2""",X1210STICKB,,,,,,,,,,,$3.43 ,,,,,,,,,,,,,"10' STRAIGHT x 1/2"" BLUE"
$7.36 ,Texas Wholesale,Everflow,PEX Poly Pipe,20' STRAIGHT BLUE,"1/2""",X1220STICKB,,,,,,,,,,,$7.36 ,,,,,,,,,,,,,"20' STRAIGHT x 1/2"" BLUE"
$34.26 ,Texas Wholesale,Everflow,PEX Poly Pipe,100' COIL BLUE,"1/2""",X12100B,,,,,,,,,,,$34.26 ,,,,,,,,,,,,,"100' COIL x 1/2"" BLUE"
$102.79 ,Texas Wholesale,Everflow,PEX Poly Pipe,300' COIL BLUE,"1/2""",X12300B,,,,,,,,,,,$102.79 ,,,,,,,,,,,,,"300' COIL x 1/2"" BLUE"
$171.33 ,Texas Wholesale,Everflow,PEX Poly Pipe,500' COIL BLUE,"1/2""",X12500B,,,,,,,,,,,$171.33 ,,,,,,,,,,,,,"500' COIL x 1/2"" BLUE"
$6.43 ,Texas Wholesale,Everflow,PEX Poly Pipe,10' STRAIGHT BLUE,"3/4""",X3410STICKB,,,,,,,,,,,$6.43 ,,,,,,,,,,,,,"10' STRAIGHT x3/4"" BLUE"
$13.78 ,Texas Wholesale,Everflow,PEX Poly Pipe,20' STRAIGHT BLUE,"3/4""",X3420STICKB,,,,,,,,,,,$13.78 ,,,,,,,,,,,,,"20' STRAIGHT x 3/4"" BLUE"
$64.25 ,Texas Wholesale,Everflow,PEX Poly Pipe,100' COIL BLUE,"3/4""",X34100B,,,,,,,,,,,$64.25 ,,,,,,,,,,,,,"100' COIL x 3/4"" BLUE"
$192.74 ,Texas Wholesale,Everflow,PEX Poly Pipe,300' COIL BLUE,"3/4""",X34300B,,,,,,,,,,,$192.74 ,,,,,,,,,,,,,"300' COIL x 3/4"" BLUE"
$321.23 ,Texas Wholesale,Everflow,PEX Poly Pipe,500' COIL BLUE,"3/4""",X34500B,,,,,,,,,,,$321.23 ,,,,,,,,,,,,,"500' COIL x 3/4"" BLUE"
$22.06 ,Texas Wholesale,Everflow,PEX Poly Pipe,20' STRAIGHT BLUE,"1""",X120STICKB,,,,,,,,,,,$22.06 ,,,,,,,,,,,,,"20' STRAIGHT x 1"" BLUE"
$102.79 ,Texas Wholesale,Everflow,PEX Poly Pipe,100' COIL BLUE,"1""",X1100B,,,,,,,,,,,$102.79 ,,,,,,,,,,,,,"100' COIL x 1"" BLUE"
$308.38 ,Texas Wholesale,Everflow,PEX Poly Pipe,300' COIL BLUE,"1""",X1300B,,,,,,,,,,,$308.38 ,,,,,,,,,,,,,"300' COIL x 1"" BLUE"
$513.96 ,Texas Wholesale,Everflow,PEX Poly Pipe,500' COIL BLUE,"1""",X1500B,,,,,,,,,,,$513.96 ,,,,,,,,,,,,,"500' COIL x 1"" BLUE"
$3.43 ,Texas Wholesale,Everflow,PEX Poly Pipe,10' STRAIGHT WHITE,"1/2""",X1210STICKW,,,,,,,,,,,$3.43 ,,,,,,,,,,,,,"10' STRAIGHT x 1/2"" WHITE"
$7.36 ,Texas Wholesale,Everflow,PEX Poly Pipe,20' STRAIGHT WHITE,"1/2""",X1220STICKW,,,,,,,,,,,$7.36 ,,,,,,,,,,,,,"20' STRAIGHT x 1/2"" WHITE"
$34.26 ,Texas Wholesale,Everflow,PEX Poly Pipe,100' COIL WHITE,"1/2""",X12100W,,,,,,,,,,,$34.26 ,,,,,,,,,,,,,"100' COIL x 1/2"" WHITE"
$102.79 ,Texas Wholesale,Everflow,PEX Poly Pipe,300' COIL WHITE,"1/2""",X12300W,,,,,,,,,,,$102.79 ,,,,,,,,,,,,,"300' COIL x 1/2"" WHITE"
$171.33 ,Texas Wholesale,Everflow,PEX Poly Pipe,500' COIL WHITE,"1/2""",X12500W,,,,,,,,,,,$171.33 ,,,,,,,,,,,,,"500' COIL x 1/2"" WHITE"
$6.43 ,Texas Wholesale,Everflow,PEX Poly Pipe,10' STRAIGHT WHITE,"3/4""",X3410STICKW,,,,,,,,,,,$6.43 ,,,,,,,,,,,,,"10' STRAIGHT x 3/4"" WHITE"
$13.78 ,Texas Wholesale,Everflow,PEX Poly Pipe,20' STRAIGHT WHITE,"3/4""",X3420STICKW,,,,,,,,,,,$13.78 ,,,,,,,,,,,,,"20' STRAIGHT x 3/4"" WHITE"
$64.25 ,Texas Wholesale,Everflow,PEX Poly Pipe,100' COIL WHITE,"3/4""",X34100W,,,,,,,,,,,$64.25 ,,,,,,,,,,,,,"100' COIL x 3/4"" WHITE"
$192.74 ,Texas Wholesale,Everflow,PEX Poly Pipe,300' COIL WHITE,"3/4""",X34300W,,,,,,,,,,,$192.74 ,,,,,,,,,,,,,"300' COIL x 3/4"" WHITE"
$321.23 ,Texas Wholesale,Everflow,PEX Poly Pipe,500' COIL WHITE,"3/4""",X34500W,,,,,,,,,,,$321.23 ,,,,,,,,,,,,,"500' COIL x 3/4"" WHITE"
$10.29 ,Texas Wholesale,Everflow,PEX Poly Pipe,10' STRAIGHT WHITE,"1""",X110STICKW,,,,,,,,,,,$10.29 ,,,,,,,,,,,,,"10' STRAIGHT x 1"" WHITE"
$22.06 ,Texas Wholesale,Everflow,PEX Poly Pipe,20' STRAIGHT WHITE,"1""",X120STICKW,,,,,,,,,,,$22.06 ,,,,,,,,,,,,,"20' STRAIGHT x 1"" WHITE"
$102.79 ,Texas Wholesale,Everflow,PEX Poly Pipe,100' COIL WHITE,"1""",X1100W,,,,,,,,,,,$102.79 ,,,,,,,,,,,,,"100' COIL x 1"" WHITE"
$308.38 ,Texas Wholesale,Everflow,PEX Poly Pipe,300' COIL WHITE,"1""",X1300W,,,,,,,,,,,$308.38 ,,,,,,,,,,,,,"300' COIL x 1"" WHITE"
$0.56 ,Texas Wholesale,BMI,Black Iron Fitting,BLACK COUPLING,"1/2""",B12COUP,,,,,,,,,,,$0.56 ,,,,,,,,,,,,,1/2 BLACK COUPLING
$0.67 ,Texas Wholesale,BMI,Black Iron Fitting,BLACK COUPLING,"3/4""",B34COUP,,,,,,,,,,,$0.67 ,,,,,,,,,,,,,3/4 BLACK COUPLING
$1.04 ,Texas Wholesale,BMI,Black Iron Fitting,BLACK COUPLING,"1""",B1COUP,,,,,,,,,,,$1.04 ,,,,,,,,,,,,,1 BLACK COUPLING
$1.34 ,Texas Wholesale,BMI,Black Iron Fitting,BLACK COUPLING,"1-1/4""",B114COUP,,,,,,,,,,,$1.34 ,,,,,,,,,,,,,1 1/4 BLACK COUPLING
$3.34 ,Texas Wholesale,BMI,Black Iron Fitting,BLACK COUPLING,"1-1/2""",B112COUP,,,,,,,,,,,$3.34 ,,,,,,,,,,,,,1 1/2 BLACK COUPLING
$4.86 ,Texas Wholesale,BMI,Black Iron Fitting,BLACK COUPLING,"2""",B2COUP,,,,,,,,,,,$4.86 ,,,,,,,,,,,,,2 BLACK COUPLING
$1.13 ,Texas Wholesale,BMI,Black Iron Fitting,BLACK COUPLING,"1/2""x3/8""",B1238RED,,,,,,,,,,,$1.13 ,,,,,,,,,,,,,1/2 X 3/8 BLACK COUPLING
$1.19 ,Texas Wholesale,BMI,Black Iron Fitting,BLACK COUPLING,"1/2""x1/4""",B1214RED,,,,,,,,,,,$1.19 ,,,,,,,,,,,,,1/2 X 1/4 BLACK COUPLING
$1.29 ,Texas Wholesale,BMI,Black Iron Fitting,BLACK COUPLING,"1/2""x1/8""",B1218RED,,,,,,,,,,,$1.29 ,,,,,,,,,,,,,1/2 X 1/8 BLACK COUPLING
$0.74 ,Texas Wholesale,BMI,Black Iron Fitting,BLACK COUPLING,"3/4""x1/2""",B3412RED,,,,,,,,,,,$0.74 ,,,,,,,,,,,,,3/4 X 1/2 BLACK COUPLING
$1.47 ,Texas Wholesale,BMI,Black Iron Fitting,BLACK COUPLING,"3/4""x3/8""",B3438RED,,,,,,,,,,,$1.47 ,,,,,,,,,,,,,3/4 X 3/8 BLACK COUPLING
$0.77 ,Texas Wholesale,BMI,Black Iron Fitting,BLACK COUPLING,"3/4""x1/4""",B3414RED,,,,,,,,,,,$0.77 ,,,,,,,,,,,,,3/4 X 1/4 BLACK COUPLING
$1.51 ,Texas Wholesale,BMI,Black Iron Fitting,BLACK COUPLING,"3/4""x1/8""",B3418RED,,,,,,,,,,,$1.51 ,,,,,,,,,,,,,3/4 X 1/8 BLACK COUPLING
$1.06 ,Texas Wholesale,BMI,Black Iron Fitting,BLACK COUPLING,"1""x3/4""",B134RED,,,,,,,,,,,$1.06 ,,,,,,,,,,,,,1 X 3/4 BLACK COUPLING
$1.07 ,Texas Wholesale,BMI,Black Iron Fitting,BLACK COUPLING,"1""x1/2""",B1X12RED,,,,,,,,,,,$1.07 ,,,,,,,,,,,,,1 X 1/2 BLACK COUPLING
$2.32 ,Texas Wholesale,BMI,Black Iron Fitting,BLACK COUPLING,"1""x1/8""",B118RED,,,,,,,,,,,$2.32 ,,,,,,,,,,,,,1 X 3/8 BLACK COUPLING
$1.18 ,Texas Wholesale,BMI,Black Iron Fitting,,"1""x1/4""",B1X14RED,,,,,,,,,,,$1.18 ,,,,,,,,,,,,,1 X 1/4 BLACK COUPLING
$1.52 ,Texas Wholesale,BMI,Black Iron Fitting,BLACK COUPLING,"1-1/4""x1""",B1141RED,,,,,,,,,,,$1.52 ,,,,,,,,,,,,,1 1/4 X 1 BLACK COUPLING
$1.58 ,Texas Wholesale,BMI,Black Iron Fitting,BLACK COUPLING,"1-1/4""x3/4""",B11434RED,,,,,,,,,,,$1.58 ,,,,,,,,,,,,,1 1/4 X 3/4 BLACK COUPLING
$1.53 ,Texas Wholesale,BMI,Black Iron Fitting,BLACK COUPLING,"1-1/4""x1/2""",B11412RED,,,,,,,,,,,$1.53 ,,,,,,,,,,,,,1 1/4 X 1/2 BLACK COUPLING
$3.15 ,Texas Wholesale,BMI,Black Iron Fitting,BLACK COUPLING,"1-1/2""x1-1/4""",B112114RED,,,,,,,,,,,$3.15 ,,,,,,,,,,,,,1 1/2 X 1 1/4 BLACK COUPLING
$3.66 ,Texas Wholesale,BMI,Black Iron Fitting,BLACK COUPLING,"1-1/2""x1""",B1121RED,,,,,,,,,,,$3.66 ,,,,,,,,,,,,,1 1/2 X 1 BLACK COUPLING
$4.12 ,Texas Wholesale,BMI,Black Iron Fitting,BLACK COUPLING,"1-1/2""x3/4""",B11234RED,,,,,,,,,,,$4.12 ,,,,,,,,,,,,,1 1/2 X 3/4 BLACK COUPLING
$3.66 ,Texas Wholesale,BMI,Black Iron Fitting,BLACK COUPLING,"1-1/2""x1/2""",B11212RED,,,,,,,,,,,$3.66 ,,,,,,,,,,,,,1 1/2 X 1/2 BLACK COUPLING
$4.58 ,Texas Wholesale,BMI,Black Iron Fitting,BLACK COUPLING,"2""x1-1/2""",B2112RED,,,,,,,,,,,$4.58 ,,,,,,,,,,,,,2 X 1 1/2 BLACK COUPLING
$5.24 ,Texas Wholesale,BMI,Black Iron Fitting,BLACK COUPLING,"2""x1-1/4""",B2114RED,,,,,,,,,,,$5.24 ,,,,,,,,,,,,,2 X 1 1/4 BLACK COUPLING
$4.96 ,Texas Wholesale,BMI,Black Iron Fitting,BLACK COUPLING,"2""x1""",B21RED,,,,,,,,,,,$4.96 ,,,,,,,,,,,,,2 X 1 BLACK COUPLING
$5.24 ,Texas Wholesale,BMI,Black Iron Fitting,BLACK COUPLING,"2""x3/4""",B234RED,,,,,,,,,,,$5.24 ,,,,,,,,,,,,,2 X 3/4 BLACK COUPLING
$5.96 ,Texas Wholesale,BMI,Black Iron Fitting,BLACK COUPLING,"2""x1/2""",B212RED,,,,,,,,,,,$5.96 ,,,,,,,,,,,,,2 X 1/2 BLACK COUPLING
$3.22 ,Texas Wholesale,BMI,Black Iron Fitting,BLACK EXTENTION PIECE,"1/2""",B12EXT,,,,,,,,,,,$3.22 ,,,,,,,,,,,,,1/2 (MXF)BLACK EXTENTION PIECE
$2.60 ,Texas Wholesale,BMI,Black Iron Fitting,BLACK UNION,"1/2""",B12U,,,,,,,,,,,$2.60 ,,,,,,,,,,,,,1/2 BLACK UNION
$3.31 ,Texas Wholesale,BMI,Black Iron Fitting,BLACK UNION,"3/4""",B34U,,,,,,,,,,,$3.31 ,,,,,,,,,,,,,3/4 BLACK UNION
$3.88 ,Texas Wholesale,BMI,Black Iron Fitting,BLACK UNION,"1""",B1U,,,,,,,,,,,$3.88 ,,,,,,,,,,,,,1 BLACK UNION
$7.84 ,Texas Wholesale,BMI,Black Iron Fitting,BLACK UNION,"1-1/4""",B114U,,,,,,,,,,,$7.84 ,,,,,,,,,,,,,1 1/4 BLACK UNION
$10.47 ,Texas Wholesale,BMI,Black Iron Fitting,BLACK UNION,"1-1/2""",B112U,,,,,,,,,,,$10.47 ,,,,,,,,,,,,,1 1/2 BLACK UNION
$15.68 ,Texas Wholesale,BMI,Black Iron Fitting,BLACK UNION,"2""",B2U,,,,,,,,,,,$15.68 ,,,,,,,,,,,,,2 BLACK UNION
$1.44 ,Texas Wholesale,BMI,Black Iron Fitting,BLACK HEXO BUSHING,"1/2""x3/8""",B1238BUSH,,,,,,,,,,,$1.44 ,,,,,,,,,,,,,1/2 X 3/8 BLACK HEXO BUSHING
$1.44 ,Texas Wholesale,BMI,Black Iron Fitting,BLACK HEXO BUSHING,"1/2""x1/4""",B1214BUSH,,,,,,,,,,,$1.44 ,,,,,,,,,,,,,1/2 X 1/4 BLACK HEXO BUSHING
$1.44 ,Texas Wholesale,BMI,Black Iron Fitting,BLACK HEXO BUSHING,"1/2""x1/8""",B1218BUSH,,,,,,,,,,,$1.44 ,,,,,,,,,,,,,1/2 X 1/8 BLACK HEXO BUSHING
$1.30 ,Texas Wholesale,BMI,Black Iron Fitting,BLACK HEXO BUSHING,"3/4""x1/2""",B3412BUSH,,,,,,,,,,,$1.30 ,,,,,,,,,,,,,3/4 X 1/2 BLACK HEXO BUSHING
$1.41 ,Texas Wholesale,BMI,Black Iron Fitting,BLACK HEXO BUSHING,"3/4""x3/8""",B3438BUSH,,,,,,,,,,,$1.41 ,,,,,,,,,,,,,3/4 X 3/8 BLACK HEXO BUSHING
$1.41 ,Texas Wholesale,BMI,Black Iron Fitting,BLACK HEXO BUSHING,"3/4""x1/4""",B3414BUSH,,,,,,,,,,,$1.41 ,,,,,,,,,,,,,3/4 X 1/4 BLACK HEXO BUSHING
$1.41 ,Texas Wholesale,BMI,Black Iron Fitting,BLACK HEXO BUSHING,"3/4""x1/8""",B3418BUSH,,,,,,,,,,,$1.41 ,,,,,,,,,,,,,3/4 X 1/8 BLACK HEXO BUSHING
$1.35 ,Texas Wholesale,BMI,Black Iron Fitting,BLACK HEXO BUSHING,"1""x3/4""",B134BUSH,,,,,,,,,,,$1.35 ,,,,,,,,,,,,,1 X 3/4 BLACK HEXO BUSHING
$1.35 ,Texas Wholesale,BMI,Black Iron Fitting,BLACK HEXO BUSHING,"1""x1/2""",B112BUSH,,,,,,,,,,,$1.35 ,,,,,,,,,,,,,1 X 1/2 BLACK HEXO BUSHING
$1.80 ,Texas Wholesale,BMI,Black Iron Fitting,BLACK HEXI BUSHING,"1""x3/8""",B138BUSH,,,,,,,,,,,$1.80 ,,,,,,,,,,,,,1 X 3/8 BLACK HEXI BUSHING
$1.75 ,Texas Wholesale,BMI,Black Iron Fitting,BLACK HEXI BUSHING,"1""x1/4""",B114BUSH,,,,,,,,,,,$1.75 ,,,,,,,,,,,,,1 X 1/4 BLACK HEXI BUSHING
$1.64 ,Texas Wholesale,BMI,Black Iron Fitting,BLACK HEXI BUSHING,"1""x1/8""",B118BUSH,,,,,,,,,,,$1.64 ,,,,,,,,,,,,,1 X 1/8 BLACK HEXI BUSHING
$1.74 ,Texas Wholesale,BMI,Black Iron Fitting,BLACK HEXO BUSHING,"1-1/4""x1""",B1141BUSH,,,,,,,,,,,$1.74 ,,,,,,,,,,,,,1 1/4 X 1 BLACK HEXO BUSHING
$1.74 ,Texas Wholesale,BMI,Black Iron Fitting,BLACK HEXO BUSHING,"1-1/4""x3/4""",B11434BUSH,,,,,,,,,,,$1.74 ,,,,,,,,,,,,,1 1/4 X 3/4 BLACK HEXO BUSHING
$1.93 ,Texas Wholesale,BMI,Black Iron Fitting,BLACK HEXI BUSHING,"1-1/4""x1/2""",B11412BUSH,,,,,,,,,,,$1.93 ,,,,,,,,,,,,,1 1/4 X 1/2 BLACK HEXI BUSHING
$2.02 ,Texas Wholesale,BMI,Black Iron Fitting,BLACK HEXI BUSHING,"1-1/4""x3/8""",B11438BUSH,,,,,,,,,,,$2.02 ,,,,,,,,,,,,,1 1/4 X 3/8 BLACK HEXI BUSHING
$2.27 ,Texas Wholesale,BMI,Black Iron Fitting,BLACK HEXI BUSHING,"1-1/4""x1/4""",B11414BUSH,,,,,,,,,,,$2.27 ,,,,,,,,,,,,,1 1/4 X 1/4 BLACK HEXI BUSHING
$2.20 ,Texas Wholesale,BMI,Black Iron Fitting,BLACK HEXO BUSHING,"1-1/2""x1-1/4""",B112114BUSH,,,,,,,,,,,$2.20 ,,,,,,,,,,,,,1 1/2 X 1 1/4 BLACK HEXO BUSHING
$1.93 ,Texas Wholesale,BMI,Black Iron Fitting,BLACK HEXO BUSHING,"1-1/2""x1""",B1121BUSH,,,,,,,,,,,$1.93 ,,,,,,,,,,,,,1 1/2 X 1 BLACK HEXO BUSHING
$2.20 ,Texas Wholesale,BMI,Black Iron Fitting,BLACK HEXI BUSHING,"1-1/2""x3/4""",B11234BUSH,,,,,,,,,,,$2.20 ,,,,,,,,,,,,,1 1/2 X 3/4 BLACK HEXI BUSHING
$2.20 ,Texas Wholesale,BMI,Black Iron Fitting,BLACK HEXI BUSHING,"1-1/2""x1/2""",B11212BUSH,,,,,,,,,,,$2.20 ,,,,,,,,,,,,,1 1/2 X 1/2 BLACK HEXI BUSHING
$2.66 ,Texas Wholesale,BMI,Black Iron Fitting,BLACK HEXI BUSHING,"1-1/2""x3/8""",B11238BUSH,,,,,,,,,,,$2.66 ,,,,,,,,,,,,,1 1/2 X 3/8 BLACK HEXI BUSHING
$2.66 ,Texas Wholesale,BMI,Black Iron Fitting,BLACK HEXI BUSHING,"1-1/2""x1/4""",B11214BUSH,,,,,,,,,,,$2.66 ,,,,,,,,,,,,,1 1/2 X 1/4 BLACK HEXI BUSHING
$3.76 ,Texas Wholesale,BMI,Black Iron Fitting,BLACK HEXO BUSHING,"2""x1/4""",B214BUSH,,,,,,,,,,,$3.76 ,,,,,,,,,,,,,2 X 1/4 BLACK HEXO BUSHING
$2.93 ,Texas Wholesale,BMI,Black Iron Fitting,BLACK HEXO BUSHING,"2""x1-1/2""",B2112BUSH,,,,,,,,,,,$2.93 ,,,,,,,,,,,,,2 X 1 1/2 BLACK HEXO BUSHING
$2.63 ,Texas Wholesale,BMI,Black Iron Fitting,BLACK HEXO BUSHING,"2""x1-1/4""",B2114BUSH,,,,,,,,,,,$2.63 ,,,,,,,,,,,,,2 X 1 1/4 BLACK HEXO BUSHING
$2.63 ,Texas Wholesale,BMI,Black Iron Fitting,BLACK HEXI BUSHING,"2""x1""",B21BUSH,,,,,,,,,,,$2.63 ,,,,,,,,,,,,,2 X 1 BLACK HEXI BUSHING
$2.80 ,Texas Wholesale,BMI,Black Iron Fitting,BLACK HEXI BUSHING,"2""x3/4""",B234BUSH,,,,,,,,,,,$2.80 ,,,,,,,,,,,,,2 X 3/4 BLACK HEXI BUSHING
$3.31 ,Texas Wholesale,BMI,Black Iron Fitting,BLACK HEXI BUSHING,"2""x1/2""",B212BUSH,,,,,,,,,,,$3.31 ,,,,,,,,,,,,,2 X 1/2 BLACK HEXI BUSHING
$3.76 ,Texas Wholesale,BMI,Black Iron Fitting,BLACK HEXI BUSHING,"2""x3/8""",B238BUSH,,,,,,,,,,,$3.76 ,,,,,,,,,,,,,2 X 3/8 BLACK HEXI BUSHING
$1.32 ,Texas Wholesale,BMI,Black Iron Fitting,BLACK 45,"1/2""",B1245,,,,,,,,,,,$1.32 ,,,,,,,,,,,,,1/2 BLACK 45
$1.61 ,Texas Wholesale,BMI,Black Iron Fitting,BLACK 45,"3/4""",B3445,,,,,,,,,,,$1.61 ,,,,,,,,,,,,,3/4 BLACK 45
$2.05 ,Texas Wholesale,BMI,Black Iron Fitting,BLACK 45,"1""",B145,,,,,,,,,,,$2.05 ,,,,,,,,,,,,,1 BLACK 45
$3.58 ,Texas Wholesale,BMI,Black Iron Fitting,BLACK 45,"1-1/4""",B11445,,,,,,,,,,,$3.58 ,,,,,,,,,,,,,1 1/4 BLACK 45
$4.42 ,Texas Wholesale,BMI,Black Iron Fitting,BLACK 45,"1-1/2""",B11245,,,,,,,,,,,$4.42 ,,,,,,,,,,,,,1 1/2 BLACK 45
$6.65 ,Texas Wholesale,BMI,Black Iron Fitting,BLACK 45,"2""",B245,,,,,,,,,,,$6.65 ,,,,,,,,,,,,,2 BLACK 45
$1.72 ,Texas Wholesale,BMI,Black Iron Fitting,BLACK ST. 45 (MF),"1/2""",B12S45,,,,,,,,,,,$1.72 ,,,,,,,,,,,,,1/2 BLACK ST. 45 (MF)
$2.64 ,Texas Wholesale,BMI,Black Iron Fitting,BLACK ST. 45 (MF),"3/4""",B34S45,,,,,,,,,,,$2.64 ,,,,,,,,,,,,,3/4 BLACK ST. 45 (MF)
$3.07 ,Texas Wholesale,BMI,Black Iron Fitting,BLACK ST. 45 (MF),"1""",B1S45,,,,,,,,,,,$3.07 ,,,,,,,,,,,,,1 BLACK ST. 45 (MF)
$5.31 ,Texas Wholesale,BMI,Black Iron Fitting,BLACK ST. 45 (MF),"1-1/4""",B114S45,,,,,,,,,,,$5.31 ,,,,,,,,,,,,,1 1/4 BLACK ST. 45 (MF)
$6.58 ,Texas Wholesale,BMI,Black Iron Fitting,BLACK ST. 45 (MF),"1-1/2""",B112S45,,,,,,,,,,,$6.58 ,,,,,,,,,,,,,1 1/2 BLACK ST. 45 (MF)
$11.10 ,Texas Wholesale,BMI,Black Iron Fitting,BLACK ST. 45 (MF),"2""",B2S45,,,,,,,,,,,$11.10 ,,,,,,,,,,,,,2 BLACK ST. 45 (MF)
$0.81 ,Texas Wholesale,BMI,Black Iron Fitting,BLACK 90,"1/2""",B12890,,,,,,,,,,,$0.81 ,,,,,,,,,,,,,1/2 BLACK 90
$0.98 ,Texas Wholesale,BMI,Black Iron Fitting,BLACK 90,"3/4""",B3490,,,,,,,,,,,$0.98 ,,,,,,,,,,,,,3/4 BLACK 90
$1.72 ,Texas Wholesale,BMI,Black Iron Fitting,BLACK 90,"1""",B190,,,,,,,,,,,$1.72 ,,,,,,,,,,,,,1 BLACK 90
$2.78 ,Texas Wholesale,BMI,Black Iron Fitting,BLACK 90,"1-1/4""",B11490,,,,,,,,,,,$2.78 ,,,,,,,,,,,,,1 1/4 BLACK 90
$3.66 ,Texas Wholesale,BMI,Black Iron Fitting,BLACK 90,"1-1/2""",B11290,,,,,,,,,,,$3.66 ,,,,,,,,,,,,,1 1/2 BLACK 90
$6.26 ,Texas Wholesale,BMI,Black Iron Fitting,BLACK 90,"2""",B290,,,,,,,,,,,$6.26 ,,,,,,,,,,,,,2 BLACK 90
$1.47 ,Texas Wholesale,BMI,Black Iron Fitting,BLACK 90,"1/2""x3/8""",B1238RED90,,,,,,,,,,,$1.47 ,,,,,,,,,,,,,1/2 X 3/8 BLACK 90
$0.84 ,Texas Wholesale,BMI,Black Iron Fitting,BLACK 90,"1/2""x1/4""",B1214RED90,,,,,,,,,,,$0.84 ,,,,,,,,,,,,,1/2 X 1/4 BLACK 90
$1.50 ,Texas Wholesale,BMI,Black Iron Fitting,BLACK 90,"1/2""x1/8""",B1218RED90,,,,,,,,,,,$1.50 ,,,,,,,,,,,,,1/2 X 1/8 BLACK 90
$0.93 ,Texas Wholesale,BMI,Black Iron Fitting,BLACK 90,"3/4""x1/2""",B3412RED90,,,,,,,,,,,$0.93 ,,,,,,,,,,,,,3/4 X 1/2 BLACK 90
$2.02 ,Texas Wholesale,BMI,Black Iron Fitting,BLACK 90,"3/4""x3/8""",B3438RED90,,,,,,,,,,,$2.02 ,,,,,,,,,,,,,3/4 X 3/8 BLACK 90
$1.10 ,Texas Wholesale,BMI,Black Iron Fitting,BLACK 90,"3/4""x1/4""",B3414RED90,,,,,,,,,,,$1.10 ,,,,,,,,,,,,,3/4 X 1/4 BLACK 90
$2.00 ,Texas Wholesale,BMI,Black Iron Fitting,BLACK 90,"3/4""x1/8""",B3418RED90,,,,,,,,,,,$2.00 ,,,,,,,,,,,,,3/4 X 1/8 BLACK 90
$1.95 ,Texas Wholesale,BMI,Black Iron Fitting,BLACK 90,"1""x3/4""",B134RED90,,,,,,,,,,,$1.95 ,,,,,,,,,,,,,1 X 3/4 BLACK 90
$2.08 ,Texas Wholesale,BMI,Black Iron Fitting,BLACK 90,"1""x1/2""",B112RED90,,,,,,,,,,,$2.08 ,,,,,,,,,,,,,1 X 1/2 BLACK 90
$3.18 ,Texas Wholesale,BMI,Black Iron Fitting,BLACK 90,"1-1/4""x1""",B1141RED90,,,,,,,,,,,$3.18 ,,,,,,,,,,,,,1 1/4 X 1 BLACK 90
$2.34 ,Texas Wholesale,BMI,Black Iron Fitting,BLACK 90,"1-1/4""x3/4""",B11434RED90,,,,,,,,,,,$2.34 ,,,,,,,,,,,,,1 1/4 X 3/4 BLACK 90
$2.39 ,Texas Wholesale,BMI,Black Iron Fitting,BLACK 90,"1-1/4""x1/2""",B11412RED90,,,,,,,,,,,$2.39 ,,,,,,,,,,,,,1 1/4 X 1/2 BLACK 90
$5.21 ,Texas Wholesale,BMI,Black Iron Fitting,BLACK 90,"1-1/2""x1-1/4""",B112114RED90,,,,,,,,,,,$5.21 ,,,,,,,,,,,,,1 1/2 X 1 1/4 BLACK 90
$5.21 ,Texas Wholesale,BMI,Black Iron Fitting,BLACK 90,"1-1/2""x1""",B1121RED90,,,,,,,,,,,$5.21 ,,,,,,,,,,,,,1 1/2 X 1 BLACK 90
$5.21 ,Texas Wholesale,BMI,Black Iron Fitting,BLACK 90,"1-1/2""x3/4""",B11234RED90,,,,,,,,,,,$5.21 ,,,,,,,,,,,,,1 1/2 X 3/4 BLACK 90
$5.32 ,Texas Wholesale,BMI,Black Iron Fitting,BLACK 90,"1-1/2""x1/2""",B11212RED90,,,,,,,,,,,$5.32 ,,,,,,,,,,,,,1 1/2 X 1/2 BLACK 90
$6.60 ,Texas Wholesale,BMI,Black Iron Fitting,BLACK 90,"2""x1-1/2""",B2112RED90,,,,,,,,,,,$6.60 ,,,,,,,,,,,,,2 X 1 1/2 BLACK 90
$7.51 ,Texas Wholesale,BMI,Black Iron Fitting,BLACK 90,"2""x1-1/4""",B2114RED90,,,,,,,,,,,$7.51 ,,,,,,,,,,,,,2 X 1 1/4 BLACK 90
$7.51 ,Texas Wholesale,BMI,Black Iron Fitting,BLACK 90,"2""x1""",B21RED90,,,,,,,,,,,$7.51 ,,,,,,,,,,,,,2 X 1 BLACK 90
$7.66 ,Texas Wholesale,BMI,Black Iron Fitting,BLACK 90,"2""x3/4""",B234RED90,,,,,,,,,,,$7.66 ,,,,,,,,,,,,,2 X 3/4 BLACK 90
$7.66 ,Texas Wholesale,BMI,Black Iron Fitting,BLACK 90,"2""x1/2""",B212RED90,,,,,,,,,,,$7.66 ,,,,,,,,,,,,,2 X 1/2 BLACK 90
$1.67 ,Texas Wholesale,BMI,Black Iron Fitting,BLACK ST 90 (MF),"1/2""",B12S90,,,,,,,,,,,$1.67 ,,,,,,,,,,,,,1/2 BLACK ST 90 (MF)
$1.63 ,Texas Wholesale,BMI,Black Iron Fitting,BLACK ST 90 (MF),"3/4""",B34S90,,,,,,,,,,,$1.63 ,,,,,,,,,,,,,3/4 BLACK ST 90 (MF)
$2.34 ,Texas Wholesale,BMI,Black Iron Fitting,BLACK ST 90 (MF),"1""",B1S90,,,,,,,,,,,$2.34 ,,,,,,,,,,,,,1 BLACK ST 90 (MF)
$3.58 ,Texas Wholesale,BMI,Black Iron Fitting,BLACK ST 90 (MF),"1-1/4""",B114S90,,,,,,,,,,,$3.58 ,,,,,,,,,,,,,1 1/4 BLACK ST 90 (MF)
$4.77 ,Texas Wholesale,BMI,Black Iron Fitting,BLACK ST 90 (MF),"1-1/2""",B112S90,,,,,,,,,,,$4.77 ,,,,,,,,,,,,,1 1/2 BLACK ST 90 (MF)
$7.74 ,Texas Wholesale,BMI,Black Iron Fitting,BLACK ST 90 (MF),"2""",B2S90,,,,,,,,,,,$7.74 ,,,,,,,,,,,,,2 BLACK ST 90 (MF)
$1.06 ,Texas Wholesale,BMI,Black Iron Fitting,BLACK TEE,"1/2""",B12T,,,,,,,,,,,$1.06 ,,,,,,,,,,,,,1/2 BLACK TEE
$1.49 ,Texas Wholesale,BMI,Black Iron Fitting,BLACK TEE,"3/4""",B34T,,,,,,,,,,,$1.49 ,,,,,,,,,,,,,3/4 BLACK TEE
$2.63 ,Texas Wholesale,BMI,Black Iron Fitting,BLACK TEE,"1""",B1T,,,,,,,,,,,$2.63 ,,,,,,,,,,,,,1 BLACK TEE
$2.61 ,Texas Wholesale,BMI,Black Iron Fitting,BLACK TEE,"1-1/4""",B114T,,,,,,,,,,,$2.61 ,,,,,,,,,,,,,1 1/4 BLACK TEE
$5.31 ,Texas Wholesale,BMI,Black Iron Fitting,BLACK TEE,"1-1/2""",B112T,,,,,,,,,,,$5.31 ,,,,,,,,,,,,,1 1/2 BLACK TEE
$9.01 ,Texas Wholesale,BMI,Black Iron Fitting,BLACK TEE,"2""",B2T,,,,,,,,,,,$9.01 ,,,,,,,,,,,,,2 BLACK TEE
$2.28 ,Texas Wholesale,BMI,Black Iron Fitting,BLACK TEE,"1/2""x1/2""x1""",B12121T,,,,,,,,,,,$2.28 ,,,,,,,,,,,,,1/2 X 1/2 X 1 BLACK TEE
$1.36 ,Texas Wholesale,BMI,Black Iron Fitting,BLACK TEE,"1/2""x1/2""x3/4""",B121234T,,,,,,,,,,,$1.36 ,,,,,,,,,,,,,1/2 X 1/2 X 3/4 BLACK TEE
$1.13 ,Texas Wholesale,BMI,Black Iron Fitting,BLACK TEE,"1/2""x1/2""x3/8""",B121238T,,,,,,,,,,,$1.13 ,,,,,,,,,,,,,1/2 X 1/2 X 3/8 BLACK TEE
$1.78 ,Texas Wholesale,BMI,Black Iron Fitting,BLACK TEE,"1/2""x1/2""x1/4""",B121214T,,,,,,,,,,,$1.78 ,,,,,,,,,,,,,1/2 X 1/2 X 1/4 BLACK TEE
$1.95 ,Texas Wholesale,BMI,Black Iron Fitting,BLACK TEE,"3/4""x3/4""x1""",B34341T,,,,,,,,,,,$1.95 ,,,,,,,,,,,,,3/4 X 3/4 X 1 BLACK TEE
$1.38 ,Texas Wholesale,BMI,Black Iron Fitting,BLACK TEE,"3/4""x3/4""x1/2""",B343412T,,,,,,,,,,,$1.38 ,,,,,,,,,,,,,3/4 X 3/4 X 1/2 BLACK TEE
$1.56 ,Texas Wholesale,BMI,Black Iron Fitting,BLACK TEE,"3/4""x3/4""x3/8""",B343438T,,,,,,,,,,,$1.56 ,,,,,,,,,,,,,3/4 X 3/4 X 3/8 BLACK TEE
$1.37 ,Texas Wholesale,BMI,Black Iron Fitting,BLACK TEE,"3/4""x3/4""x1/4""",B343414T,,,,,,,,,,,$1.37 ,,,,,,,,,,,,,3/4 X 3/4 X 1/4 BLACK TEE
$3.32 ,Texas Wholesale,BMI,Black Iron Fitting,BLACK TEE,"3/4""x1/2""x1""",B34121T,,,,,,,,,,,$3.32 ,,,,,,,,,,,,,3/4 X 1/2 X 1 BLACK TEE
$1.36 ,Texas Wholesale,BMI,Black Iron Fitting,BLACK TEE,"3/4""x1/2""x3/4""",B341234T,,,,,,,,,,,$1.36 ,,,,,,,,,,,,,3/4 X 1/2 X 3/4 BLACK TEE
$1.39 ,Texas Wholesale,BMI,Black Iron Fitting,BLACK TEE,"3/4""x1/2""x1/2""",B341212,,,,,,,,,,,$1.39 ,,,,,,,,,,,,,3/4 X 1/2 X 1/2 BLACK TEE
$4.41 ,Texas Wholesale,BMI,Black Iron Fitting,BLACK TEE,"1""x1""x1-1/2""",B11112T,,,,,,,,,,,$4.41 ,,,,,,,,,,,,,1 X 1 X 1 1/2 BLACK TEE
$3.10 ,Texas Wholesale,BMI,Black Iron Fitting,BLACK TEE,"1""x1""x1-1/4""",B11114T,,,,,,,,,,,$3.10 ,,,,,,,,,,,,,1 X 1 X 1 1/4 BLACK TEE
$2.93 ,Texas Wholesale,BMI,Black Iron Fitting,BLACK TEE,"1""x1""x3/4""",B1134T,,,,,,,,,,,$2.93 ,,,,,,,,,,,,,1 X 1 X 3/4 BLACK TEE
$2.93 ,Texas Wholesale,BMI,Black Iron Fitting,BLACK TEE,"1""x1""x1/2""",B1112T,,,,,,,,,,,$2.93 ,,,,,,,,,,,,,1 X 1 X 1/2 BLACK TEE
$2.39 ,Texas Wholesale,BMI,Black Iron Fitting,BLACK TEE,"1""x1""x3/8""",B1138T,,,,,,,,,,,$2.39 ,,,,,,,,,,,,,1 X 1 X 3/8 BLACK TEE
$1.96 ,Texas Wholesale,BMI,Black Iron Fitting,BLACK TEE,"1""x1""x1/4""",B1114T,,,,,,,,,,,$1.96 ,,,,,,,,,,,,,1 X 1 X 1/4 BLACK TEE
$2.11 ,Texas Wholesale,BMI,Black Iron Fitting,BLACK TEE,"1""x3/4""x1""",B1341T,,,,,,,,,,,$2.11 ,,,,,,,,,,,,,1 X 3/4 X 1 BLACK TEE
$3.08 ,Texas Wholesale,BMI,Black Iron Fitting,BLACK TEE,"1""x3/4""x3/4""",B13434T,,,,,,,,,,,$3.08 ,,,,,,,,,,,,,1 X 3/4 X 3/4 BLACK TEE
$2.08 ,Texas Wholesale,BMI,Black Iron Fitting,BLACK TEE,"1""x3/4""x1/2""",B13412T,,,,,,,,,,,$2.08 ,,,,,,,,,,,,,1 X 3/4 X 1/2 BLACK TEE
$3.33 ,Texas Wholesale,BMI,Black Iron Fitting,BLACK TEE,"1""x1/2""x1""",B1121T,,,,,,,,,,,$3.33 ,,,,,,,,,,,,,1 X 1/2 X 1 BLACK TEE
$2.06 ,Texas Wholesale,BMI,Black Iron Fitting,BLACK TEE,"1""x1/2""x3/4""",B11234T,,,,,,,,,,,$2.06 ,,,,,,,,,,,,,1 X 1/2 X 3/4 BLACK TEE
$2.15 ,Texas Wholesale,BMI,Black Iron Fitting,BLACK TEE,"1""x1/2""x1/2""",B11212T,,,,,,,,,,,$2.15 ,,,,,,,,,,,,,1 X 1/2 X 1/2 BLACK TEE
$3.78 ,Texas Wholesale,BMI,Black Iron Fitting,BLACK TEE,"1-1/4""x1-1/4""x1-1/2""",B114114112T,,,,,,,,,,,$3.78 ,,,,,,,,,,,,,1 1/4 X 1 1/4 X 1 1/2 BLACK TEE
$4.64 ,Texas Wholesale,BMI,Black Iron Fitting,BLACK TEE,"1-1/4""x1-1/4""x1""",B1141141T,,,,,,,,,,,$4.64 ,,,,,,,,,,,,,1 1/4 X 1 1/4 X 1 BLACK TEE
$4.64 ,Texas Wholesale,BMI,Black Iron Fitting,BLACK TEE,"1-1/4""x1-1/4""x3/4""",B11411434T,,,,,,,,,,,$4.64 ,,,,,,,,,,,,,1 1/4 X 1 1/4 X 3/4 BLACK TEE
$3.24 ,Texas Wholesale,BMI,Black Iron Fitting,BLACK TEE,"1-1/4""x1-1/4""x1/2""",B11411412T,,,,,,,,,,,$3.24 ,,,,,,,,,,,,,1 1/4 X 1 1/4 X 1/2 BLACK TEE
$3.25 ,Texas Wholesale,BMI,Black Iron Fitting,BLACK TEE,"1-1/4""x1""x1/1-4""",B1141114T,,,,,,,,,,,$3.25 ,,,,,,,,,,,,,1 1/4 X 1 X 1 1/4 BLACK TEE
$3.24 ,Texas Wholesale,BMI,Black Iron Fitting,BLACK TEE,"1-1/4""x1""x1""",B11411T,,,,,,,,,,,$3.24 ,,,,,,,,,,,,,1 1/4 X 1 X 1 BLACK TEE
$3.24 ,Texas Wholesale,BMI,Black Iron Fitting,BLACK TEE,"1-1/4""x1""x3/4""",B114134T,,,,,,,,,,,$3.24 ,,,,,,,,,,,,,1 1/4 X 1 X 3/4 BLACK TEE
$3.27 ,Texas Wholesale,BMI,Black Iron Fitting,BLACK TEE,"1-1/4""x1""x1/2""",B114112T,,,,,,,,,,,$3.27 ,,,,,,,,,,,,,1 1/4 X 1 X 1/2 BLACK TEE
$3.25 ,Texas Wholesale,BMI,Black Iron Fitting,BLACK TEE,"1-1/4""x3/4""x1-1/4""",B11434114T,,,,,,,,,,,$3.25 ,,,,,,,,,,,,,1 1/4 X 3/4 X 1 1/4 BLACK TEE
$3.26 ,Texas Wholesale,BMI,Black Iron Fitting,BLACK TEE,"1-1/4""x3/4""x1""",B114341T,,,,,,,,,,,$3.26 ,,,,,,,,,,,,,1 1/4 X 3/4 X 1 BLACK TEE
$3.39 ,Texas Wholesale,BMI,Black Iron Fitting,BLACK TEE,"1-1/4""x3/4""x3/4""",B1143434T,,,,,,,,,,,$3.39 ,,,,,,,,,,,,,1 1/4 X 3/4 X 3/4 BLACK TEE
$3.39 ,Texas Wholesale,BMI,Black Iron Fitting,BLACK TEE,"1-1/4""x3/4""x1/2""",B1143412T,,,,,,,,,,,$3.39 ,,,,,,,,,,,,,1 1/4 X 3/4 X 1/2 BLACK TEE
$3.12 ,Texas Wholesale,BMI,Black Iron Fitting,BLACK TEE,"1-1/4""x1/2""x1-1/4""",B11412114T,,,,,,,,,,,$3.12 ,,,,,,,,,,,,,1 1/4 X 1/2 X 1 1/4 BLACK TEE
$3.05 ,Texas Wholesale,BMI,Black Iron Fitting,BLACK TEE,"1-1/4""x1/2""x1""",B114121T,,,,,,,,,,,$3.05 ,,,,,,,,,,,,,1 1/4 X 1/2 X 1 BLACK TEE
$3.02 ,Texas Wholesale,BMI,Black Iron Fitting,BLACK TEE,"1-1/4""x1/2""x3/4""",B1141234T,,,,,,,,,,,$3.02 ,,,,,,,,,,,,,1 1/4 X 1/2 X 3/4 BLACK TEE
$7.24 ,Texas Wholesale,BMI,Black Iron Fitting,BLACK TEE,"1-1/2""x1-1/2""x1-1/4""",B112112114T,,,,,,,,,,,$7.24 ,,,,,,,,,,,,,1 1/2 X 1 1/2 X 1 1/4 BLACK TEE
$5.88 ,Texas Wholesale,BMI,Black Iron Fitting,BLACK TEE,"1-1/2""x1-1/2""x1""",B1121121T,,,,,,,,,,,$5.88 ,,,,,,,,,,,,,1 1/2 X 1 1/2 X 1 BLACK TEE
$5.88 ,Texas Wholesale,BMI,Black Iron Fitting,BLACK TEE,"1-1/2""x1-1/2""x3/4""",B11211234T,,,,,,,,,,,$5.88 ,,,,,,,,,,,,,1 1/2 X 1 1/2 X 3/4 BLACK TEE
$6.20 ,Texas Wholesale,BMI,Black Iron Fitting,BLACK TEE,"1-1/2""x1-1/2""x1/2""",B11211212T,,,,,,,,,,,$6.20 ,,,,,,,,,,,,,1 1/2 X 1 1/2 X 1/2 BLACK TEE
$9.79 ,Texas Wholesale,BMI,Black Iron Fitting,BLACK TEE,"1-1/2""x1-1/4""x1-1/2""",B112114112T,,,,,,,,,,,$9.79 ,,,,,,,,,,,,,1 1/2 X 1 1/4 X 1 1/2 BLACK TEE
$9.79 ,Texas Wholesale,BMI,Black Iron Fitting,BLACK TEE,"1-1/2""x1-1-4""x1-1/4""",B112114114T,,,,,,,,,,,$9.79 ,,,,,,,,,,,,,1 1/2 X 1 1/4 X 1 1/4 BLACK TEE
$6.20 ,Texas Wholesale,BMI,Black Iron Fitting,BLACK TEE,"1-1/2""x1-1/4""x1""",B1121141T,,,,,,,,,,,$6.20 ,,,,,,,,,,,,,1 1/2 X 1 1/4 X 1 BLACK TEE
$7.24 ,Texas Wholesale,BMI,Black Iron Fitting,BLACK TEE,"1-1/2""x1-1/4""x3/4""",B11211434T,,,,,,,,,,,$7.24 ,,,,,,,,,,,,,1 1/2 X 1 1/4 X 3/4 BLACK TEE
$7.24 ,Texas Wholesale,BMI,Black Iron Fitting,BLACK TEE,"1-1/2""x1-1/4""x1/2""",B11211412T,,,,,,,,,,,$7.24 ,,,,,,,,,,,,,1 1/2 X 1 1/4 X 1/2 BLACK TEE
$7.24 ,Texas Wholesale,BMI,Black Iron Fitting,BLACK TEE,"1-1/2""x1""x1/2""",B112112T,,,,,,,,,,,$7.24 ,,,,,,,,,,,,,1 1/2 X 1 X 1 1/2 BLACK TEE
$7.24 ,Texas Wholesale,BMI,Black Iron Fitting,BLACK TEE,"1/1-2""x1""x1-1/4""",B1121114T,,,,,,,,,,,$7.24 ,,,,,,,,,,,,,1 1/2 X 1 X 1 1/4 BLACK TEE
$7.24 ,Texas Wholesale,BMI,Black Iron Fitting,BLACK TEE,"1-1/2""x1""x1""",B11211T,,,,,,,,,,,$7.24 ,,,,,,,,,,,,,1 1/2 X 1 X 1 BLACK TEE
$7.24 ,Texas Wholesale,BMI,Black Iron Fitting,BLACK TEE,"1-1/2""x1""x3/4""",B1121434T,,,,,,,,,,,$7.24 ,,,,,,,,,,,,,1 1/2 X 1 X 3/4 BLACK TEE
$7.24 ,Texas Wholesale,BMI,Black Iron Fitting,BLACK TEE,"1-1/2""x3/4""1-1/2""",B11234112T,,,,,,,,,,,$7.24 ,,,,,,,,,,,,,1 1/2 X 3/4 X 1 1/2 BLACK TEE
$11.54 ,Texas Wholesale,BMI,Black Iron Fitting,BLACK TEE,"1-1/2""x3/4""x1-1/4""",B11234114T,,,,,,,,,,,$11.54 ,,,,,,,,,,,,,1 1/2 X 3/4 X 1 1/4 BLACK TEE
$11.54 ,Texas Wholesale,BMI,Black Iron Fitting,BLACK TEE,"1-1/2""x3/4""x3/4""",B1123434T,,,,,,,,,,,$11.54 ,,,,,,,,,,,,,1 1/2 X 3/4 X 3/4 BLACK TEE
$11.54 ,Texas Wholesale,BMI,Black Iron Fitting,BLACK TEE,"1-1/2""x3/4""x1/2""",B1123412T,,,,,,,,,,,$11.54 ,,,,,,,,,,,,,1 1/2 X 3/4 X 1/2 BLACK TEE
$7.24 ,Texas Wholesale,BMI,Black Iron Fitting,BLACK TEE,"1-1/2""x1/2""x1-1/2""",B11212112,,,,,,,,,,,$7.24 ,,,,,,,,,,,,,1 1/2 X 1/2 X 1 1/2 BLACK TEE
$9.72 ,Texas Wholesale,BMI,Black Iron Fitting,BLACK TEE,"2""x2""x1-1/2""",B22112T,,,,,,,,,,,$9.72 ,,,,,,,,,,,,,2 X 2 X 1 1/2 BLACK TEE
$9.72 ,Texas Wholesale,BMI,Black Iron Fitting,BLACK TEE,"2""x2""x1-1/4""",B22114T,,,,,,,,,,,$9.72 ,,,,,,,,,,,,,2 X 2 X 1 1/4 BLACK TEE
$9.20 ,Texas Wholesale,BMI,Black Iron Fitting,BLACK TEE,"2""x2""x1""",B221T,,,,,,,,,,,$9.20 ,,,,,,,,,,,,,2 X 2 X 1 BLACK TEE
$9.20 ,Texas Wholesale,BMI,Black Iron Fitting,BLACK TEE,"2""x2""x3/4""",B2234T,,,,,,,,,,,$9.20 ,,,,,,,,,,,,,2 X 2 X 3/4 BLACK TEE
$9.20 ,Texas Wholesale,BMI,Black Iron Fitting,BLACK TEE,"2""x2""x1/2""",B2212T,,,,,,,,,,,$9.20 ,,,,,,,,,,,,,2 X 2 X 1/2 BLACK TEE
$11.30 ,Texas Wholesale,BMI,Black Iron Fitting,BLACK TEE,"2""x1-1/2""x2""",B21122T,,,,,,,,,,,$11.30 ,,,,,,,,,,,,,2 X 1 1/2 X 2 BLACK TEE
$11.08 ,Texas Wholesale,BMI,Black Iron Fitting,BLACK TEE,"2""x1-1/2""x1-1/2""",B2112112T,,,,,,,,,,,$11.08 ,,,,,,,,,,,,,2 X 1 1/2 X 1 1/2 BLACK TEE
$11.30 ,Texas Wholesale,BMI,Black Iron Fitting,BLACK TEE,"2""x1-1/2""x1-1/4""",B2112114T,,,,,,,,,,,$11.30 ,,,,,,,,,,,,,2 X 1 1/2 X 1 1/4 BLACK TEE
$11.08 ,Texas Wholesale,BMI,Black Iron Fitting,BLACK TEE,"2""x1-1/2""x1""",B21121T,,,,,,,,,,,$11.08 ,,,,,,,,,,,,,2 X 1 1/2 X 1 BLACK TEE
$11.99 ,Texas Wholesale,BMI,Black Iron Fitting,BLACK TEE,"2""x1-1/2""x3/4""",B211234T,,,,,,,,,,,$11.99 ,,,,,,,,,,,,,2 X 1 1/2 X 3/4 BLACK TEE
$11.76 ,Texas Wholesale,BMI,Black Iron Fitting,BLACK TEE,"2""x1-1/4""x2""",B21142T,,,,,,,,,,,$11.76 ,,,,,,,,,,,,,2 X 1 1/4 X 2 BLACK TEE
$12.39 ,Texas Wholesale,BMI,Black Iron Fitting,BLACK TEE,"2""x1-1/4""x1-1/2""",B2114112T,,,,,,,,,,,$12.39 ,,,,,,,,,,,,,2 X 1 1/4 X 1 1/2 BLACK TEE
$11.27 ,Texas Wholesale,BMI,Black Iron Fitting,BLACK TEE,"2""x1-1/4""x1-1/4""",B2114114T,,,,,,,,,,,$11.27 ,,,,,,,,,,,,,2 X 1 1/4 X 1 1/4 BLACK TEE
$11.30 ,Texas Wholesale,BMI,Black Iron Fitting,BLACK TEE,"2""x1""x2""",B212T,,,,,,,,,,,$11.30 ,,,,,,,,,,,,,2 X 1 X 2 BLACK TEE
$11.30 ,Texas Wholesale,BMI,Black Iron Fitting,BLACK TEE,"2""x1""x1""",B221T,,,,,,,,,,,$11.30 ,,,,,,,,,,,,,2 X 1 X 1 BLACK TEE
$11.08 ,Texas Wholesale,BMI,Black Iron Fitting,BLACK TEE,"2""x3/4""x2""",B2342T,,,,,,,,,,,$11.08 ,,,,,,,,,,,,,2 X 3/4 X 2 BLACK TEE
$11.30 ,Texas Wholesale,BMI,Black Iron Fitting,BLACK TEE,"2""x1/2""x2""",B2122T,,,,,,,,,,,$11.30 ,,,,,,,,,,,,,2 X 1/2 X 2 BLACK TEE
$0.74 ,Texas Wholesale,BMI,Black Iron Fitting,BLACK PLUG,"1/2""",B12PLUG,,,,,,,,,,,$0.74 ,,,,,,,,,,,,,1/2 BLACK PLUG
$0.74 ,Texas Wholesale,BMI,Black Iron Fitting,BLACK PLUG,"3/4""",B34PLUG,,,,,,,,,,,$0.74 ,,,,,,,,,,,,,3/4 BLACK PLUG
$0.93 ,Texas Wholesale,BMI,Black Iron Fitting,BLACK PLUG,"1""",B1PLUG,,,,,,,,,,,$0.93 ,,,,,,,,,,,,,1 BLACK PLUG
$1.17 ,Texas Wholesale,BMI,Black Iron Fitting,BLACK PLUG,"1-1/4""",B114PLUG,,,,,,,,,,,$1.17 ,,,,,,,,,,,,,1 1/4 BLACK PLUG
$1.62 ,Texas Wholesale,BMI,Black Iron Fitting,BLACK PLUG,"1-1/2""",B112PLUG,,,,,,,,,,,$1.62 ,,,,,,,,,,,,,1 1/2 BLACK PLUG
$2.32 ,Texas Wholesale,BMI,Black Iron Fitting,BLACK PLUG,"2""",B2PLUG,,,,,,,,,,,$2.32 ,,,,,,,,,,,,,2 BLACK PLUG
$3.83 ,Texas Wholesale,BMI,Black Iron Fitting,BLACK CROSS,"1/2""",B12X,,,,,,,,,,,$3.83 ,,,,,,,,,,,,,1/2 BLACK CROSS
$4.67 ,Texas Wholesale,BMI,Black Iron Fitting,BLACK CROSS,"3/4""",B34X,,,,,,,,,,,$4.67 ,,,,,,,,,,,,,3/4 BLACK CROSS
$5.74 ,Texas Wholesale,BMI,Black Iron Fitting,BLACK CROSS,"1""",B1X,,,,,,,,,,,$5.74 ,,,,,,,,,,,,,1 BLACK CROSS
$9.32 ,Texas Wholesale,BMI,Black Iron Fitting,BLACK CROSS,"1-1/4""",B114X,,,,,,,,,,,$9.32 ,,,,,,,,,,,,,1 1/4 BLACK CROSS
$11.54 ,Texas Wholesale,BMI,Black Iron Fitting,BLACK CROSS,"1-1/2""",B112X,,,,,,,,,,,$11.54 ,,,,,,,,,,,,,1 1/2 BLACK CROSS
$19.12 ,Texas Wholesale,BMI,Black Iron Fitting,BLACK CROSS,"2""",B2X,,,,,,,,,,,$19.12 ,,,,,,,,,,,,,2 BLACK CROSS
$0.48 ,Texas Wholesale,BMI,Black Iron Fitting,BLACK CAP,"1/2""",B12CAP,,,,,,,,,,,$0.48 ,,,,,,,,,,,,,1/2 BLACK CAP
$0.59 ,Texas Wholesale,BMI,Black Iron Fitting,BLACK CAP,"3/4""",B34CAP,,,,,,,,,,,$0.59 ,,,,,,,,,,,,,3/4 BLACK CAP
$0.80 ,Texas Wholesale,BMI,Black Iron Fitting,BLACK CAP,"1""",B1CAP,,,,,,,,,,,$0.80 ,,,,,,,,,,,,,1 BLACK CAP
$1.72 ,Texas Wholesale,BMI,Black Iron Fitting,BLACK CAP,"1-1/4""",B114CAP,,,,,,,,,,,$1.72 ,,,,,,,,,,,,,1 1/4 BLACK CAP
$2.34 ,Texas Wholesale,BMI,Black Iron Fitting,BLACK CAP,"1-1/2""",B112CAP,,,,,,,,,,,$2.34 ,,,,,,,,,,,,,1 1/2 BLACK CAP
$3.06 ,Texas Wholesale,BMI,Black Iron Fitting,BLACK CAP,"2""",B2CAP,,,,,,,,,,,$3.06 ,,,,,,,,,,,,,2 BLACK CAP
$2.93 ,Texas Wholesale,BMI,Black Iron Fitting,BLACK FLOOR FLANGE,"1/2""",B12FF,,,,,,,,,,,$2.93 ,,,,,,,,,,,,,1/2 BLACK FLOOR FLANGE
$3.15 ,Texas Wholesale,BMI,Black Iron Fitting,BLACK FLOOR FLANGE,"3/4""",B34FF,,,,,,,,,,,$3.15 ,,,,,,,,,,,,,3/4 BLACK FLOOR FLANGE
$4.10 ,Texas Wholesale,BMI,Black Iron Fitting,BLACK FLOOR FLANGE,"1""",B1FF,,,,,,,,,,,$4.10 ,,,,,,,,,,,,,1 BLACK FLOOR FLANGE
$4.38 ,Texas Wholesale,BMI,Black Iron Fitting,BLACK FLOOR FLANGE,"1-1/4""",B114FF,,,,,,,,,,,$4.38 ,,,,,,,,,,,,,1 1/4 BLACK FLOOR FLANGE
$4.77 ,Texas Wholesale,BMI,Black Iron Fitting,BLACK FLOOR FLANGE,"1-1/2""",B112FF,,,,,,,,,,,$4.77 ,,,,,,,,,,,,,1 1/2 BLACK FLOOR FLANGE
$6.23 ,Texas Wholesale,BMI,Black Iron Fitting,BLACK FLOOR FLANGE,"2""",B2FF,,,,,,,,,,,$6.23 ,,,,,,,,,,,,,2 BLACK FLOOR FLANGE
$1.21 ,Texas Wholesale,BMI,Black Iron Fitting,BLACK LOCK-NUT,"1/2""",B12NUT,,,,,,,,,,,$1.21 ,,,,,,,,,,,,,1/2 BLACK LOCK-NUT
$1.34 ,Texas Wholesale,BMI,Black Iron Fitting,BLACK LOCK-NUT,"3/4""",B34NUT,,,,,,,,,,,$1.34 ,,,,,,,,,,,,,3/4 BLACK LOCK-NUT
$2.21 ,Texas Wholesale,BMI,Black Iron Fitting,BLACK LOCK-NUT,"1""",B1NUT,,,,,,,,,,,$2.21 ,,,,,,,,,,,,,1 BLACK LOCK-NUT
$1.83 ,Texas Wholesale,BMI,Black Iron Fitting,BLACK LOCK-NUT,"1-1/4""",B114NUT,,,,,,,,,,,$1.83 ,,,,,,,,,,,,,1 1/4 BLACK LOCK-NUT
$2.94 ,Texas Wholesale,BMI,Black Iron Fitting,BLACK LOCK-NUT,"1-1/2""",B112NUT,,,,,,,,,,,$2.94 ,,,,,,,,,,,,,1 1/2 BLACK LOCK-NUT
$4.87 ,Texas Wholesale,BMI,Black Iron Fitting,BLACK LOCK-NUT,"2""",B2NUT,,,,,,,,,,,$4.87 ,,,,,,,,,,,,,2 BLACK LOCK-NUT
$0.31 ,Texas Wholesale,BMI,Black Iron Nipple,"1/2 X CLOSE(1 1/8"") BLACK NIPPLE","1/2""XCLOSE",BN12CLOSE,,,,,,,,,,,$0.31 ,,,,,,,,,,,,,"INVERTED MARKING PAINT, ANY COLOR"
$0.32 ,Texas Wholesale,BMI,Black Iron Nipple,1/2 X 1 1/2 BLACK NIPPLE,"1/2""X1-1/2""",BN12112,,,,,,,,,,,$0.32 ,,,,,,,,,,,,,"2"" X 60 YARDS DUCT TAPE (24) ROLLS/CASE BLACK"
$0.32 ,Texas Wholesale,BMI,Black Iron Nipple,1/2 X 2 BLACK NIPPLE,"1/2""X2""",BN12112,,,,,,,,,,,$0.32 ,,,,,,,,,,,,,QUART REGULAR BODY CEMENT CLEAR
$0.38 ,Texas Wholesale,BMI,Black Iron Nipple,1/2 X 2 1/2 BLACK NIPPLE,"1/2""X2-1/2""",BN12212,,,,,,,,,,,$0.38 ,,,,,,,,,,,,,QUART PURPLE PRIMER
$0.39 ,Texas Wholesale,BMI,Black Iron Nipple,1/2 X 3 BLACK NIPPLE,"1/2""X3""",BN123,,,,,,,,,,,$0.39 ,,,,,,,,,,,,,20 OZ. EXPANDING SPRAY FOAM
$0.47 ,Texas Wholesale,BMI,Black Iron Nipple,1/2 X 3 1/2 BLACK NIPPLE,"1/2""X3-1/2""",BN12312,,,,,,,,,,,$0.47 ,,,,,,,,,,,,,
$0.47 ,Texas Wholesale,BMI,Black Iron Nipple,1/2 X 4 BLACK NIPPLE,"1/2""X4""",BN124,,,,,,,,,,,$0.47 ,,,,,,,,,,,,,1.28 GPF HET ALL-IN-ONE ELONGATED COMFORT HEIGHT TOILET WITH PLASTIC SEAT
$0.54 ,Texas Wholesale,BMI,Black Iron Nipple,1/2 X 4 1/2 BLACK NIPPLE,"1/2""X4-1/2""",BN12412,,,,,,,,,,,$0.54 ,,,,,,,,,,,,,ELECTRIC 40 GALLON TALL WATER HEATER
$0.59 ,Texas Wholesale,BMI,Black Iron Nipple,1/2 X 5 BLACK NIPPLE,"1/2""X5""",BN125,,,,,,,,,,,$0.59 ,,,,,,,,,,,,,ELECTRIC 50 GALLON TALL WATER HEATER
$0.61 ,Texas Wholesale,BMI,Black Iron Nipple,1/2 X 5 1/2 BLACK NIPPLE,"1/2""X5-1/2""",BN12512,,,,,,,,,,,$0.61 ,,,,,,,,,,,,,NATURAL GAS 40 GALLON WATER HEATER
$0.65 ,Texas Wholesale,BMI,Black Iron Nipple,1/2 X 6 BLACK NIPPLE,"1/2""X6""",BN126,,,,,,,,,,,$0.65 ,,,,,,,,,,,,,NATURAL GAS 50 GALLON WATER HEATER
$2.06 ,Texas Wholesale,BMI,Black Iron Nipple,1/2 X 7 BLACK NIPPLE,"1/2""X7""",BN127,,,,,,,,,,,$2.06 ,,,,,,,,,,,,,
$2.06 ,Texas Wholesale,BMI,Black Iron Nipple,1/2 X 8 BLACK NIPPLE,"1/2""X8""",BN128,,,,,,,,,,,$2.06 ,,,,,,,,,,,,,"5/8"" COMP X 3/8"" COMP 1/4 TURN ANGLE STOP"
$2.48 ,Texas Wholesale,BMI,Black Iron Nipple,1/2 X 9 BLACK NIPPLE,"1/2""X9""",BN129,,,,,,,,,,,$2.48 ,,,,,,,,,,,,,"1/2"" PEX X 3/8"" COMP 1/4 TURN ANGLE STOP"
$2.48 ,Texas Wholesale,BMI,Black Iron Nipple,1/2 X 10 BLACK NIPPLE,"1/2""X10""",BN1210,,,,,,,,,,,$2.48 ,,,,,,,,,,,,,"1/2"" PEX X 3/8"" COMP 1/4 TURN STRAIGHT STOP"
$2.92 ,Texas Wholesale,BMI,Black Iron Nipple,1/2 X 10 1/2 BLACK NIPPLE,"1/2""X10-1/2""",BN121012,,,,,,,,,,,$2.92 ,,,,,,,,,,,,,"12"" SS BRAIDED 3/8 COMP X 7/8 BC PLASTIC NUT TOILET SUPPLY LEAD FREE"
$2.95 ,Texas Wholesale,BMI,Black Iron Nipple,1/2 X 11 BLACK NIPPLE,"1/2""X11""",BN1211,,,,,,,,,,,$2.95 ,,,,,,,,,,,,,"20"" SS BRAIDED 1/2"" IPS X 3/8 COMP FAUCET SUPPLY LEAD FREE"
$2.95 ,Texas Wholesale,BMI,Black Iron Nipple,1/2 X 12 BLACK NIPPLE,"1/2""X12""",BN1212,,,,,,,,,,,$2.95 ,,,,,,,,,,,,,"3/4"" FIP X 3/4"" FIP STAINLESS STEEL WATER HEATER CONNECTOR 18"""
$0.36 ,Texas Wholesale,BMI,Black Iron Nipple,"3/4 X CLOSE(1 3/8"") BLACK NIPPLE","3/4""XCLOSE",BN34CLOSE,,,,,,,,,,,$0.36 ,,,,,,,,,,,,,"3/4"" FIP X 3/4"" PEX STAINLESS STEEL WATER HEATER CONNECTOR 18"""
$0.39 ,Texas Wholesale,BMI,Black Iron Nipple,3/4 X 1 1/2 BLACK NIPPLE,"3/4""X1-1/2""",BN34112,,,,,,,,,,,$0.39 ,,,,,,,,,,,,,"1/2"" GAS BALL VALVE W/ YELLOW HANDLE"
$0.39 ,Texas Wholesale,BMI,Black Iron Nipple,3/4 X 2 BLACK NIPPLE,"3/4""X2""",BN342,,,,,,,,,,,$0.39 ,,,,,,,,,,,,,"3/4"" GAS BALL VALVE W/ YELLOW HANDLE"
$0.45 ,Texas Wholesale,BMI,Black Iron Nipple,3/4 X 2 1/2 BLACK NIPPLE,"3/4""X2-1/2""",BN34212,,,,,,,,,,,$0.45 ,,,,,,,,,,,,,"1/2"" MIP X 1/2"" MIP X 24"" GAS FLEX 5/8"" OD"
$0.47 ,Texas Wholesale,BMI,Black Iron Nipple,3/4 X 3 BLACK NIPPLE,"3/4""X3""",BN343,,,,,,,,,,,$0.47 ,,,,,,,,,,,,,"3/4 FIP X 3/4 MIP X 24"" YELLOW COATED GAS FLEX 1"" OD"
$0.57 ,Texas Wholesale,BMI,Black Iron Nipple,3/4 X 3 1/2 BLACK NIPPLE,"3/4""X3-1/2""",BN34312,,,,,,,,,,,$0.57 ,,,,,,,,,,,,,
$0.60 ,Texas Wholesale,BMI,Black Iron Nipple,3/4 X 4 BLACK NIPPLE,"3/4""X4""",BN344,,,,,,,,,,,$0.60 ,,,,,,,,,,,,,"1/2"" STAINLESS STEEL PRESS PEX SLEEVE"
$0.71 ,Texas Wholesale,BMI,Black Iron Nipple,3/4 X 4 1/2 BLACK NIPPLE,"3/4""X4-1/2""",BN34412,,,,,,,,,,,$0.71 ,,,,,,,,,,,,,"3/4"" STAINLESS STEEL PRESS PEX SLEEVE"
$0.72 ,Texas Wholesale,BMI,Black Iron Nipple,3/4 X 5 BLACK NIPPLE,"3/4""X5""",BN345,,,,,,,,,,,$0.72 ,,,,,,,,,,,,,"1"" STAINLESS STEEL PRESS PEX SLEEVE"
$0.83 ,Texas Wholesale,BMI,Black Iron Nipple,3/4 X 5 1/2 BLACK NIPPLE,"3/4""X5-1/2""",BN34512,,,,,,,,,,,$0.83 ,,,,,,,,,,,,,
$0.83 ,Texas Wholesale,BMI,Black Iron Nipple,3/4 X 6 BLACK NIPPLE,"3/4""X6""",BN346,,,,,,,,,,,$0.83 ,,,,,,,,,,,,,"3/4"" X 100' TRACPIPE COUNTERSTRIKE CSST"
$2.53 ,Texas Wholesale,BMI,Black Iron Nipple,3/4 X 7 BLACK NIPPLE,"3/4""X7""",BN347,,,,,,,,,,,$2.53 ,,,,,,,,,,,,,"1"" X 100' TRACPIPE COUNTERSTRIKE CSST"
$2.53 ,Texas Wholesale,BMI,Black Iron Nipple,3/4 X 8 BLACK NIPPLE,"3/4""X8""",BN348,,,,,,,,,,,$2.53 ,,,,,,,,,,,,,"3/4"" NG REGULATOR 2PSI"
$2.94 ,Texas Wholesale,BMI,Black Iron Nipple,3/4 X 9 BLACK NIPPLE,"3/4""X9""",BN349,,,,,,,,,,,$2.94 ,,,,,,,,,,,,,"1"" NG REGULATOR 2PSI"
$2.94 ,Texas Wholesale,BMI,Black Iron Nipple,3/4 X 10 BLACK NIPPLE,"3/4""X10""",BN3410,,,,,,,,,,,$2.94 ,,,,,,,,,,,,,
$3.25 ,Texas Wholesale,BMI,Black Iron Nipple,3/4 X 11 BLACK NIPPLE,"3/4""X11""",BN3411,,,,,,,,,,,$3.25 ,,,,,,,,,,,,,
$3.25 ,Texas Wholesale,BMI,Black Iron Nipple,3/4 X 12 BLACK NIPPLE,"3/4""X12""",BN3412,,,,,,,,,,,$3.25 ,,,,,,,,,,,,,
$0.53 ,Texas Wholesale,BMI,Black Iron Nipple,"1 X CLOSE(1 1/2"") BLACK NIPPLE","1""XCLOSE",BN1CLOSE,,,,,,,,,,,$0.53 ,,,,,,,,,,,,,
$0.60 ,Texas Wholesale,BMI,Black Iron Nipple,1 X 2 BLACK NIPPLE,"1""X2:",BN12,,,,,,,,,,,$0.60 ,,,,,,,,,,,,,
$0.62 ,Texas Wholesale,BMI,Black Iron Nipple,1 X 2 1/2 BLACK NIPPLE,"1""X2-1/2""",BN1212,,,,,,,,,,,$0.62 ,,,,,,,,,,,,,
$0.68 ,Texas Wholesale,BMI,Black Iron Nipple,1 X 3 BLACK NIPPLE,"1""X3""",BN13,,,,,,,,,,,$0.68 ,,,,,,,,,,,,,
$0.79 ,Texas Wholesale,BMI,Black Iron Nipple,1 X 3 1/2 BLACK NIPPLE,"1""X3-1/2""",BN1312,,,,,,,,,,,$0.79 ,,,,,,,,,,,,,
$0.97 ,Texas Wholesale,BMI,Black Iron Nipple,1 X 4 BLACK NIPPLE,"1""X4""",BN14,,,,,,,,,,,$0.97 ,,,,,,,,,,,,,
$0.95 ,Texas Wholesale,BMI,Black Iron Nipple,1 X 4 1/2 BLACK NIPPLE,"1""X4-1/2""",BN1412,,,,,,,,,,,$0.95 ,,,,,,,,,,,,,
$1.00 ,Texas Wholesale,BMI,Black Iron Nipple,1 X 5 BLACK NIPPLE,"1""X5""",BN15,,,,,,,,,,,$1.00 ,,,,,,,,,,,,,
$1.15 ,Texas Wholesale,BMI,Black Iron Nipple,1 X 5 1/2 BLACK NIPPLE,"1""X5-1/2""",BN1512,,,,,,,,,,,$1.15 ,,,,,,,,,,,,,
$1.16 ,Texas Wholesale,BMI,Black Iron Nipple,1 X 6 BLACK NIPPLE,"1""X6""",BN16,,,,,,,,,,,$1.16 ,,,,,,,,,,,,,
$2.95 ,Texas Wholesale,BMI,Black Iron Nipple,1 X 6 1/2 BLACK NIPPLE,"1""X6-1/2""",BN1612,,,,,,,,,,,$2.95 ,,,,,,,,,,,,,
$3.37 ,Texas Wholesale,BMI,Black Iron Nipple,1 X 7 BLACK NIPPLE,"1""X7""",BN17,,,,,,,,,,,$3.37 ,,,,,,,,,,,,,
$3.37 ,Texas Wholesale,BMI,Black Iron Nipple,1 X 7 1/2 BLACK NIPPLE,"1""X7-1/2""",BN1712,,,,,,,,,,,$3.37 ,,,,,,,,,,,,,
$3.37 ,Texas Wholesale,BMI,Black Iron Nipple,1 X 8 BLACK NIPPLE,"1""X8""",BN18,,,,,,,,,,,$3.37 ,,,,,,,,,,,,,
$3.95 ,Texas Wholesale,BMI,Black Iron Nipple,1 X 9 BLACK NIPPLE,"1""X9""",BN19,,,,,,,,,,,$3.95 ,,,,,,,,,,,,,
$3.95 ,Texas Wholesale,BMI,Black Iron Nipple,1 X 10 BLACK NIPPLE,"1""X10""",BN110,,,,,,,,,,,$3.95 ,,,,,,,,,,,,,
$4.53 ,Texas Wholesale,BMI,Black Iron Nipple,1 X 11 BLACK NIPPLE,"1""X11""",BN111,,,,,,,,,,,$4.53 ,,,,,,,,,,,,,
$4.53 ,Texas Wholesale,BMI,Black Iron Nipple,1 X 12 BLACK NIPPLE,"1""X12""",BN112,,,,,,,,,,,$4.53 ,,,,,,,,,,,,,
$0.67 ,Texas Wholesale,BMI,Black Iron Nipple,"1 1/4 X CLOSE(1 5/8"") BLACK NIPPLE","1-1/4""XCLOSE",BN114CLOSE,,,,,,,,,,,$0.67 ,,,,,,,,,,,,,
$0.78 ,Texas Wholesale,BMI,Black Iron Nipple,1 1/4 X 2 BLACK NIPPLE,"1-1/4""X2:",BN1142,,,,,,,,,,,$0.78 ,,,,,,,,,,,,,
$0.81 ,Texas Wholesale,BMI,Black Iron Nipple,1 1/4 X 2 1/2 BLACK NIPPLE,"1-1/4""X2-1/2""",BN114212,,,,,,,,,,,$0.81 ,,,,,,,,,,,,,
$0.85 ,Texas Wholesale,BMI,Black Iron Nipple,1 1/4 X 3 BLACK NIPPLE,"1-1/4""X3""",BN1143,,,,,,,,,,,$0.85 ,,,,,,,,,,,,,
$0.98 ,Texas Wholesale,BMI,Black Iron Nipple,1 1/4 X 3 1/2 BLACK NIPPLE,"1-1/4""X3-1/2""",BN114312,,,,,,,,,,,$0.98 ,,,,,,,,,,,,,
$1.00 ,Texas Wholesale,BMI,Black Iron Nipple,1 1/4 X 4 BLACK NIPPLE,"1-1/4""X4""",BN1144,,,,,,,,,,,$1.00 ,,,,,,,,,,,,,
$1.18 ,Texas Wholesale,BMI,Black Iron Nipple,1 1/4 X 4 1/2 BLACK NIPPLE,"1-1/4""X4-1/2""",BN114412,,,,,,,,,,,$1.18 ,,,,,,,,,,,,,
$1.25 ,Texas Wholesale,BMI,Black Iron Nipple,1 1/4 X 5 BLACK NIPPLE,"1-1/4""X5""",BN1145,,,,,,,,,,,$1.25 ,,,,,,,,,,,,,
$1.45 ,Texas Wholesale,BMI,Black Iron Nipple,1 1/4 X 5 1/2 BLACK NIPPLE,"1-1/4""X5-1/2""",BN114512,,,,,,,,,,,$1.45 ,,,,,,,,,,,,,
$1.46 ,Texas Wholesale,BMI,Black Iron Nipple,1 1/4 X 6 BLACK NIPPLE,"1-1/4""X6""",BN1146,,,,,,,,,,,$1.46 ,,,,,,,,,,,,,
$4.24 ,Texas Wholesale,BMI,Black Iron Nipple,1 1/4 X 7 BLACK NIPPLE,"1-1/4""X7""",BN1147,,,,,,,,,,,$4.24 ,,,,,,,,,,,,,
$4.24 ,Texas Wholesale,BMI,Black Iron Nipple,1 1/4 X 8 BLACK NIPPLE,"1-1/4""X8""",BN1148,,,,,,,,,,,$4.24 ,,,,,,,,,,,,,
$5.09 ,Texas Wholesale,BMI,Black Iron Nipple,1 1/4 X 9 BLACK NIPPLE,"1-1/4""X9""",BN1149,,,,,,,,,,,$5.09 ,,,,,,,,,,,,,
$5.09 ,Texas Wholesale,BMI,Black Iron Nipple,1 1/4 X 10 BLACK NIPPLE,"1-1/4""X10""",BN11410,,,,,,,,,,,$5.09 ,,,,,,,,,,,,,
$5.76 ,Texas Wholesale,BMI,Black Iron Nipple,1 1/4 X 11 BLACK NIPPLE,"1-1/4""X11""",BN11411,,,,,,,,,,,$5.76 ,,,,,,,,,,,,,
$5.76 ,Texas Wholesale,BMI,Black Iron Nipple,1 1/4 X 12 BLACK NIPPLE,"1-1/4""X12""",BN11412,,,,,,,,,,,$5.76 ,,,,,,,,,,,,,
$1.62 ,Texas Wholesale,BMI,Black Iron Nipple,"1 1/2 X CLOSE(1 3/4"") BLACK NIPPLE","1-1/2""XCLOSE",BN112CLOSE,,,,,,,,,,,$1.62 ,,,,,,,,,,,,,
$1.75 ,Texas Wholesale,BMI,Black Iron Nipple,1 1/2 X 2 BLACK NIPPLE,"1-1/2""X2""",BN1122,,,,,,,,,,,$1.75 ,,,,,,,,,,,,,
$1.95 ,Texas Wholesale,BMI,Black Iron Nipple,1 1/2 X 2 1/2 BLACK NIPPLE,"1-1/2""X2-1/2""",BN112212,,,,,,,,,,,$1.95 ,,,,,,,,,,,,,
$1.95 ,Texas Wholesale,BMI,Black Iron Nipple,1 1/2 X 3 BLACK NIPPLE,"1-1/2""X3""",BN1123,,,,,,,,,,,$1.95 ,,,,,,,,,,,,,
$2.19 ,Texas Wholesale,BMI,Black Iron Nipple,1 1/2 X 3 1/2 BLACK NIPPLE,"1-1/2""X3-1/2""",BN112312,,,,,,,,,,,$2.19 ,,,,,,,,,,,,,
$2.19 ,Texas Wholesale,BMI,Black Iron Nipple,1 1/2 X 4 BLACK NIPPLE,"1-1/2""X4""",BN1124,,,,,,,,,,,$2.19 ,,,,,,,,,,,,,
$2.67 ,Texas Wholesale,BMI,Black Iron Nipple,1 1/2 X 4 1/2 BLACK NIPPLE,"1-1/2""X4-1/2""",BN112412,,,,,,,,,,,$2.67 ,,,,,,,,,,,,,
$2.67 ,Texas Wholesale,BMI,Black Iron Nipple,1 1/2 X 5 BLACK NIPPLE,"1-1/2""X5""",BN1125,,,,,,,,,,,$2.67 ,,,,,,,,,,,,,
$3.06 ,Texas Wholesale,BMI,Black Iron Nipple,1 1/2 X 5 1/2 BLACK NIPPLE,"1-1/2""X5-1/2""",BN112512,,,,,,,,,,,$3.06 ,,,,,,,,,,,,,
$3.06 ,Texas Wholesale,BMI,Black Iron Nipple,1 1/2 X 6 BLACK NIPPLE,"1-1/2""X6""",BN1126,,,,,,,,,,,$3.06 ,,,,,,,,,,,,,
$4.86 ,Texas Wholesale,BMI,Black Iron Nipple,1 1/2 X 7 BLACK NIPPLE,"1-1/2""X7""",BN1127,,,,,,,,,,,$4.86 ,,,,,,,,,,,,,
$4.86 ,Texas Wholesale,BMI,Black Iron Nipple,1 1/2 X 8 BLACK NIPPLE,"1-1/2""X8""",BN1128,,,,,,,,,,,$4.86 ,,,,,,,,,,,,,
$5.68 ,Texas Wholesale,BMI,Black Iron Nipple,1 1/2 X 9 BLACK NIPPLE,"1-1/2""X9""",BN1129,,,,,,,,,,,$5.68 ,,,,,,,,,,,,,
$5.68 ,Texas Wholesale,BMI,Black Iron Nipple,1 1/2 X 10 BLACK NIPPLE,"1-1/2""X10""",BN11210,,,,,,,,,,,$5.68 ,,,,,,,,,,,,,
$6.55 ,Texas Wholesale,BMI,Black Iron Nipple,1 1/2 X 11 BLACK NIPPLE,"1-1/2""X11""",BN11211,,,,,,,,,,,$6.55 ,,,,,,,,,,,,,
$6.55 ,Texas Wholesale,BMI,Black Iron Nipple,1 1/2 X 12 BLACK NIPPLE,"1-1/2""X12""",BN11212,,,,,,,,,,,$6.55 ,,,,,,,,,,,,,
$2.20 ,Texas Wholesale,BMI,Black Iron Nipple,"2 X CLOSE(2"") BLACK NIPPLE","2""XCLOSE",BN2CLOSE,,,,,,,,,,,$2.20 ,,,,,,,,,,,,,
$2.53 ,Texas Wholesale,BMI,Black Iron Nipple,2 X 2 1/2 BLACK NIPPLE,"2""X2-1/2""",BN2212,,,,,,,,,,,$2.53 ,,,,,,,,,,,,,
$2.53 ,Texas Wholesale,BMI,Black Iron Nipple,2 X 3 BLACK NIPPLE,"2""X3""",BN23,,,,,,,,,,,$2.53 ,,,,,,,,,,,,,
$3.06 ,Texas Wholesale,BMI,Black Iron Nipple,2 X 3 1/2 BLACK NIPPLE,"2""X3-1/2""",BN2312,,,,,,,,,,,$3.06 ,,,,,,,,,,,,,
$3.06 ,Texas Wholesale,BMI,Black Iron Nipple,2 X 4 BLACK NIPPLE,"2""X4""",BN24,,,,,,,,,,,$3.06 ,,,,,,,,,,,,,
$3.52 ,Texas Wholesale,BMI,Black Iron Nipple,2 X 4 1/2 BLACK NIPPLE,"2""X4-1/2""",BN2412,,,,,,,,,,,$3.52 ,,,,,,,,,,,,,
$3.52 ,Texas Wholesale,BMI,Black Iron Nipple,2 X 5 BLACK NIPPLE,"2""X5""",BN25,,,,,,,,,,,$3.52 ,,,,,,,,,,,,,
$4.12 ,Texas Wholesale,BMI,Black Iron Nipple,2 X 5 1/2 BLACK NIPPLE,"2""X5-1/2""",BN2512,,,,,,,,,,,$4.12 ,,,,,,,,,,,,,
$4.12 ,Texas Wholesale,BMI,Black Iron Nipple,2 X 6 BLACK NIPPLE,"2""X6""",BN26,,,,,,,,,,,$4.12 ,,,,,,,,,,,,,
$6.92 ,Texas Wholesale,BMI,Black Iron Nipple,2 X 7 BLACK NIPPLE,"2""X7""",BN27,,,,,,,,,,,$6.92 ,,,,,,,,,,,,,
$6.92 ,Texas Wholesale,BMI,Black Iron Nipple,2 X 8 BLACK NIPPLE,"2""X8""",BN28,,,,,,,,,,,$6.92 ,,,,,,,,,,,,,
$8.12 ,Texas Wholesale,BMI,Black Iron Nipple,2 X 9 BLACK NIPPLE,"2""X9""",BN29,,,,,,,,,,,$8.12 ,,,,,,,,,,,,,
$8.12 ,Texas Wholesale,BMI,Black Iron Nipple,2 X 10 BLACK NIPPLE,"2""X10""",BN210,,,,,,,,,,,$8.12 ,,,,,,,,,,,,,
$9.36 ,Texas Wholesale,BMI,Black Iron Nipple,2 X 11 BLACK NIPPLE,"2""X11""",BN211,,,,,,,,,,,$9.36 ,,,,,,,,,,,,,
$9.36 ,Texas Wholesale,BMI,Black Iron Nipple,2 X 12 BLACK NIPPLE,"2""X12""",BN212,,,,,,,,,,,$9.36 ,,,,,,,,,,,,,
$0.00 ,#N/A,,Foam-Core PVC Pipe,20' PVC-DWV FOAM CORE PIPE PLAIN END,"1-1/2""",PVCFC112X20PE,,,,,,,,,,,,,,,,,,,,,,,,
$0.00 ,#N/A,,Foam-Core PVC Pipe,20' PVC-DWV FOAM CORE PIPE PLAIN END,"2""",PVCFC2X20PE,,,,,,,,,,,,,,,,,,,,,,,,
$0.00 ,#N/A,,Foam-Core PVC Pipe,20' PVC-DWV FOAM CORE PIPE PLAIN END,"3""",PVCFC3X20PE,,,,,,,,,,,,,,,,,,,,,,,,
$0.00 ,#N/A,,Foam-Core PVC Pipe,20' PVC-DWV FOAM CORE PIPE PLAIN END,"4""",PVCFC4X20PE,,,,,,,,,,,,,,,,,,,,,,,,
$0.00 ,#N/A,,Solid-Core PVC Pipe,20' PVC-DWV SOLID CORE PIPE PLAIN END,,,,,,,,,,,,,,,,,,,,,,,,,,
$0.00 ,#N/A,,Solid-Core PVC Pipe,20' PVC-DWV SOLID CORE PIPE PLAIN END,,,,,,,,,,,,,,,,,,,,,,,,,,
$0.00 ,#N/A,,Solid-Core PVC Pipe,20' PVC-DWV SOLID CORE PIPE PLAIN END,,,,,,,,,,,,,,,,,,,,,,,,,,
$0.00 ,#N/A,,Solid-Core PVC Pipe,20' PVC-DWV SOLID CORE PIPE PLAIN END,,,,,,,,,,,,,,,,,,,,,,,,,,